-0.9977026572523084,0.8267830459764113,0.7081968383056122,1,-0.06236466473888177,-0.6161063879310413,0.9640275800758169,-0.9500213653021953,0.7023888548400592,0.7841281116903962,0.6772411229382407,0.45896555750337875,-0.8606898704014198,0.07982976911113145,0.9100817159108457,-0.5079774328978962,0.6218402454256216,0.992631520201128,-0.9656845451074689,-0.9929756400735559,-0.9903393548351304,-0.48814647719504445
-0.9987485829425584,0.8200875458324033,0.6993801949880781,1,-0.16685558333469325,-0.5718115761394836,0.9640275800758169,-0.9692645888694489,0.6640367702678489,0.7478240863415949,0.5966956287055876,0.37308312910762237,-0.9141148798516231,0.0718758414488178,0.9029560681673964,-0.5370495669980354,0.6504048125697584,0.992631520201128,-0.9692645888694489,-0.9944702988101569,-0.9921464320417762,-0.36022766008378876
-0.9991197398299567,0.76755490137357,0.6330995825311423,1,-0.32633872337952613,-0.6231461154724268,0.9640275800758169,-0.97203865179483,0.6119294488712019,0.733379049133259,0.6267223717264531,0.2949688803310316,-0.9127900679807315,-0.27290508056313273,0.9216685544064713,-0.6267223717264533,0.5862939408069978,0.992631520201128,-0.9761235550922067,-0.9965195530476662,-0.9988447408823581,-0.5322516316383369
-0.9997033629288277,0.4462026485462614,0.3318044886548699,1,-0.4369681518757749,-0.6093898866533857,0.9640275800758169,-0.9814662686266931,0.3452140341355212,0.6504048125697584,0.5197520709817561,-0.13516767202007474,-0.9662200237312486,-0.2876478137415113,0.9204554188085782,-0.6728868690993063,-0.023995393061435975,0.992631520201128,-0.9961078780298289,-0.9978449275502639,-0.99914745041401,-0.5173569586677981
-0.9997472170187389,-0.0015116680074762972,-0.11502390890023442,1,-0.5974262070598306,-0.6152898488069979,0.9640275800758169,-0.9994192227412357,-0.15864850429749905,0.10362666046634049,0.055941534671146854,-0.2949688803310316,-0.9978790980509081,-0.27290508056313273,0.8564849154724973,-0.7064193203972353,-0.22032722188562134,0.992631520201128,-0.9985316078982135,-0.9984838956460685,-0.9995575017697832,-0.7097855532188491
-0.9998667014849723,-0.041033198713753286,-0.18408496004086766,1,-0.6393807564284456,-0.6514108594297489,0.9640275800758169,-0.9996168348345574,-0.23549574953849772,0.055941534671146854,0.031989081805404065,-0.4136444421871351,-0.9980104525700998,-0.3592286658102706,0.8627493494598499,-0.7406871544621987,-0.33104373842411877,0.992631520201128,-0.9988811035861201,-0.998787970459051,-0.9996985792838805,-0.7942252405897483
-0.999936144302558,-0.33164816787724544,-0.48785870545679055,1,-0.7523594195669864,-0.6782147428595208,0.9640275800758169,-0.9998601475679573,-0.5483368586719491,-0.14301285893511154,0.055941534671146854,-0.6069005989451325,-0.9996519021304965,-0.4462436102487797,0.8477218578730916,-0.7778880665771848,-0.6728868690993063,0.992631520201128,-0.9996168348345574,-0.999015469033287,-0.9998384883979401,-0.888799755216698
-0.999957875198525,-0.467705016665455,-0.5729800341001817,1,-0.7814263785657484,-0.6834432657337451,0.9640275800758169,-0.9999663288663241,-0.6018226796314325,-0.4268185004117315,-0.37994896225522484,-0.6315557874859378,-0.9998074104117267,-0.48385079670054837,0.8287087387796533,-0.784128111690396,-0.6267223717264533,0.992631520201128,-0.9995503664595334,-0.9991197398299567,-0.9998688171508597,-0.8920701932129248
-0.9999617310598946,-0.48289270520804073,-0.4910272892355687,1,-0.747070231452861,-0.68677366276239,0.9640275800758169,-0.9997739978006099,-0.5313325040915584,-0.22032722188562134,-0.21270229740018173,-0.6069005989451325,-0.9997217503856869,-0.4462436102487797,0.838470282263124,-0.7810275833073346,-0.4960098430228166,0.992631520201128,-0.9993184859117006,-0.9989335140612631,-0.9998509050743067,-0.8160921360037563
-0.9999464491878617,-0.4377762469282112,-0.4544218572314508,1,-0.7198261768485721,-0.7077651019147101,0.9640275800758169,-0.999816435527956,-0.5079774328978962,-0.3167225447224284,-0.43333870550299125,-0.5594278338412256,-0.999781114603359,-0.3867731841129913,0.8261861339474803,-0.7810275833073346,-0.4462436102487797,0.992631520201128,-0.999212971747347,-0.9983043701156257,-0.9998556002440963,-0.7633173036028769
-0.9999274249317489,-0.4232647346552491,-0.4427152844502814,1,-0.7338835640578398,-0.7045276455036884,0.9640275800758169,-0.9998305474394893,-0.4899541488540997,-0.4462436102487797,-0.7023888548400592,-0.5079774328978962,-0.9997347891621152,-0.40699138190362216,0.8261861339474803,-0.784128111690396,-0.3867731841129913,0.992631520201128,-0.9990911289729081,-0.9984346343009073,-0.9998645517007605,-0.7933656521293952
-0.9999410536171839,-0.5011716450918406,-0.5229779732137437,1,-0.7558424286439586,-0.7137688806859916,0.9640275800758169,-0.999900056226247,-0.5539069192039144,-0.43333870550299125,-0.5370495669980354,-0.564899552846225,-0.9997946830105712,-0.40029485721907404,0.8210398813328772,-0.7810275833073346,-0.5197520709817566,0.992631520201128,-0.9993607228730462,-0.9986444267289766,-0.9998384883979401,-0.7033893490689669
-0.9999351144275157,-0.4610013045410588,-0.5610907100554925,1,-0.7597999663448448,-0.7012860415000891,0.9640275800758169,-0.9999888364706524,-0.5810192378024425,-0.564899552846225,-0.6457649807626309,-0.5966956287055879,-0.9997389982195054,-0.3935553063167454,0.8157566318133642,-0.7747092309184453,-0.6410769611853465,0.992631520201128,-0.9995645238732553,-0.9986225781718535,-0.9998332368814795,-0.8535939174280562
-0.9999464491878617,-0.5056983172370478,-0.5775741071943875,1,-0.7522669880478735,-0.6994414047240323,0.9640275800758169,-0.9999774294388498,-0.5915193954318165,-0.5483368586719491,-0.6119294488712019,-0.6315557874859378,-0.9996682134529788,-0.4268185004117315,0.8261861339474803,-0.7714907476090569,-0.6858090622290944,0.992631520201128,-0.9996347890556477,-0.999212971747347,-0.9997551770442933,-0.7831773706659167
-0.9999726519818308,-0.43673787225909494,-0.48585981775806,1,-0.7243656809435518,-0.694499612364061,0.9640275800758169,-0.9999201126278947,-0.5370495669980354,-0.4899541488540997,-0.6941910270242835,-0.6900231791331366,-0.9996347890556477,-0.3661761897243701,0.8336546070121553,-0.7714907476090569,-0.6858090622290944,0.992631520201128,-0.9996347890556477,-0.9989995977858409,-0.9996985792838805,-0.8491576167561645
-0.999950566268189,-0.5159432139674354,-0.3989240416567216,1,-0.6933476087826792,-0.7127427830387263,0.9640275800758169,-0.9999604866740172,-0.43981386041546483,-0.5539069192039144,-0.7064193203972353,-0.5197520709817566,-0.9992617455538517,-0.3167225447224284,0.8130627801216741,-0.7714907476090569,-0.2876478137415113,0.992631520201128,-0.9988071971423736,-0.9985778197002059,-0.9996985792838805,-0.8530060691658072
-0.9999481356422338,-0.5687133270086095,-0.4798676020679646,1,-0.6834807698875954,-0.7362137536243367,0.9640275800758169,-0.9999743474004839,-0.4899541488540997,-0.6900231791331366,-0.8726296538780478,-0.5313325040915584,-0.9993074977913372,-0.28029297593793373,0.8019312334505896,-0.7778880665771848,-0.352241095668522,0.992631520201128,-0.998983470814186,-0.9986003777155225,-0.9995979981392296,-0.7302078627618749
-0.9999673892681182,-0.5385801037352337,-0.5007575911545792,1,-0.705215202955058,-0.7597230246485334,0.9640275800758169,-0.9999943894153307,-0.4960098430228166,-0.681548449948351,-0.7182399648128484,-0.564899552846225,-0.9993607228730462,-0.2949688803310316,0.7841281116903962,-0.7931990970835009,-0.2654848561891097,0.992631520201128,-0.9987485829425584,-0.9986444267289766,-0.9996229155459074,-0.7913861711336675
-0.9999536308413634,-0.5546475293053298,-0.49908149369181054,1,-0.7149582699279333,-0.7722242792966919,0.9640275800758169,-0.9999913578325171,-0.525566632174222,-0.5966956287055879,-0.5594278338412256,-0.5020176692139926,-0.9994889833373769,-0.3381480525025349,0.7871899840051358,-0.8019312334505895,-0.1664370981680667,0.992631520201128,-0.9984594617111155,-0.9988071971423736,-0.9996837605732414,-0.7159124183007465
-0.9999798208952861,-0.5776479791929159,-0.6044540848089024,1,-0.7554343397826468,-0.7628984810537139,0.9640275800758169,-0.9999866881970358,-0.6018226796314325,-0.5862939408069981,-0.5313325040915584,-0.6457649807626309,-0.9996937185084721,-0.37308312910762215,0.7902135340690539,-0.8047682227403774,-0.4268185004117315,0.992631520201128,-0.9991742890293737,-0.9991609769837921,-0.9996462887624,-0.8053563786083835
-0.9999833460169257,-0.5635081945204158,-0.5036194679138272,1,-0.7443932837509628,-0.7601516453500858,0.9640275800758169,-0.9999866881970358,-0.5427177155648781,-0.6267223717264533,-0.6457649807626309,-0.6640367702678491,-0.9996106560872084,-0.40029485721907404,0.7990576087848079,-0.8019312334505895,-0.42025361660945937,0.992631520201128,-0.9991609769837921,-0.9993399420362217,-0.9996288997761786,-0.792380694625905
-0.9999684162753075,-0.5273539972941933,-0.5183970167552464,1,-0.721214710693533,-0.7694281592820426,0.9640275800758169,-0.9999813723241333,-0.5313325040915584,-0.6119294488712019,-0.7442768673618374,-0.5966956287055879,-0.9994192227412357,-0.3592286658102706,0.8075689165786144,-0.7990576087848079,-0.3867731841129913,0.992631520201128,-0.9990615886214704,-0.999212971747347,-0.9995782356127378,-0.834838171875303
-0.9999858083942891,-0.41021761637177734,-0.4782691591783048,1,-0.7174851707214578,-0.7746795927213908,0.9640275800758169,-0.9999893596602123,-0.5483368586719491,-0.564899552846225,-0.6267223717264533,-0.710404487737219,-0.9995503664595334,-0.352241095668522,0.8103336554203706,-0.7990576087848079,-0.5756952716032103,0.992631520201128,-0.9994638630489571,-0.9992377485103607,-0.9995357488923946,-0.8610738584179871
-0.9999730860623288,-0.39341843205788846,-0.47963499830037026,1,-0.7327087806990666,-0.7750204552569506,0.9640275800758169,-0.9999694109395356,-0.5313325040915584,-0.5138889548493343,-0.6504048125697587,-0.6728868690993063,-0.9994807434502514,-0.352241095668522,0.8261861339474803,-0.8075689165786143,-0.6410769611853465,0.992631520201128,-0.9995645238732553,-0.9992254591570309,-0.9995575017697832,-0.8957406481782879
-0.9999684162753075,-0.43932354033393484,-0.5393681224024474,1,-0.7437228967720662,-0.7818463633870458,0.9640275800758169,-0.9999730860623288,-0.5862939408069981,-0.4715020366204608,-0.43981386041546483,-0.6983128390373444,-0.9996288997761786,-0.3381480525025349,0.8210398813328772,-0.8103336554203706,-0.751329115493274,0.992631520201128,-0.9997261663480572,-0.9989995977858409,-0.9996288997761786,-0.9274726952364073
-0.9999646732638597,-0.539441416404285,-0.4928020976858688,1,-0.723698776247697,-0.7828843883993511,0.9640275800758169,-0.9999455855071585,-0.525566632174222,-0.5966956287055879,-0.7547922623900605,-0.6504048125697587,-0.9995129269205365,-0.3592286658102706,0.8236299617098691,-0.8103336554203706,-0.6457649807626309,0.992631520201128,-0.9995645238732553,-0.999015469033287,-0.9996682134529788,-0.8497132200613828
-0.9999673892681182,-0.5346084579377405,-0.5363838586901114,1,-0.7445585652044306,-0.7684611440207878,0.9640275800758169,-0.9999668633085973,-0.5594278338412256,-0.5197520709817566,-0.5594278338412256,-0.6595405395449498,-0.9995714345652794,-0.3867731841129913,0.8236299617098691,-0.8103336554203706,-0.6363406086565133,0.992631520201128,-0.9995575017697832,-0.9990615886214704,-0.9997261663480572,-0.7883845286746837
-0.9999668633085973,-0.4719234048152597,-0.49640480868380155,1,-0.7328320881830377,-0.7641369283095913,0.9640275800758169,-0.9999763196427073,-0.5313325040915584,-0.5810192378024425,-0.7406871544621987,-0.6504048125697587,-0.9995282628984578,-0.37994896225522484,0.8261861339474803,-0.8075689165786143,-0.6119294488712019,0.992631520201128,-0.9995206562226959,-0.9991742890293737,-0.9996574264301669,-0.7763655963622755
-0.999936144302558,-0.5209814804556294,-0.5461079652957281,1,-0.7576097557153654,-0.7621831039455191,0.9640275800758169,-0.9999759377142693,-0.5594278338412256,-0.5313325040915584,-0.5539069192039144,-0.570322039844703,-0.9995714345652794,-0.40699138190362216,0.8184155517784407,-0.813062780121674,-0.5539069192039144,0.992631520201128,-0.9994192227412357,-0.999380849662089,-0.9996229155459074,-0.7716158656793142
-0.9999481356422338,-0.4338460305522589,-0.5589757348431986,1,-0.7614150552385348,-0.7780608847951034,0.9640275800758169,-0.9999846264261494,-0.6018226796314325,-0.525566632174222,-0.5313325040915584,-0.6315557874859378,-0.9997347891621152,-0.40029485721907404,0.8157566318133642,-0.8157566318133642,-0.6772411229382403,0.992631520201128,-0.9996288997761786,-0.999329299739067,-0.9996347890556477,-0.7923023210595052
-0.9999558039402028,-0.48822855903068263,-0.4909150794522972,1,-0.7407317475759978,-0.7863016299911456,0.9640275800758169,-0.9999858083942891,-0.5313325040915584,-0.5370495669980354,-0.4960098430228166,-0.6504048125697587,-0.9995282628984578,-0.37994896225522484,0.8210398813328772,-0.823629961709869,-0.6941910270242835,0.992631520201128,-0.9996405848903372,-0.9992617455538517,-0.9996229155459074,-0.7982949255242198
-0.9999611138441997,-0.5761906967557461,-0.5174081448675916,1,-0.742152116000856,-0.7846493493627641,0.9640275800758169,-0.9999788286859868,-0.5483368586719491,-0.4899541488540997,-0.37308312910762215,-0.6315557874859378,-0.9996168348345574,-0.3867731841129913,0.8157566318133642,-0.8210398813328772,-0.6119294488712019,0.992631520201128,-0.9995129269205365,-0.9991742890293737,-0.9996734789348639,-0.8081206133465659
-0.9998769493312879,-0.5613905664276024,-0.44908003551116965,1,-0.733980856385121,-0.7881023342421987,0.9640275800758169,-0.9999429099872612,-0.48385079670054837,-0.4960098430228166,-0.5810192378024425,-0.5138889548493343,-0.9994464340381963,-0.3867731841129913,0.8287087387796533,-0.8261861339474803,-0.5966956287055879,0.992631520201128,-0.9994889833373769,-0.9991197398299567,-0.9996887793593517,-0.8322823066152687
-0.9998688171508597,-0.6073836848906592,-0.4860712856982332,1,-0.7593332207422924,-0.7744552919907246,0.9640275800758169,-0.9999646732638597,-0.4899541488540997,-0.5810192378024425,-0.7406871544621987,-0.45262761660337403,-0.999329299739067,-0.45262761660337403,0.8311981165305461,-0.8261861339474803,-0.4462436102487797,0.992631520201128,-0.99920028309195,-0.999380849662089,-0.9997217503856869,-0.8133493067194799
-0.9998222160866986,-0.5857538957146177,-0.5257745081794748,1,-0.7499573694642179,-0.7725728176310981,0.9640275800758169,-0.9999689175858699,-0.5138889548493343,-0.6069005989451325,-0.7615941559557649,-0.40029485721907404,-0.9995503664595334,-0.40699138190362216,0.8130627801216741,-0.8184155517784406,-0.37994896225522484,0.992631520201128,-0.9990615886214704,-0.999212971747347,-0.9997172632196264,-0.8333100440642983
-0.9998043044987812,-0.5661026004949548,-0.48330220498997745,1,-0.7251911165737076,-0.7654446813724914,0.9640275800758169,-0.9999673892681182,-0.5079774328978962,-0.564899552846225,-0.616909302877065,-0.40029485721907404,-0.9996229155459074,-0.3867731841129913,0.8075689165786144,-0.8184155517784406,-0.42025361660945937,0.992631520201128,-0.9991609769837921,-0.99920028309195,-0.9996682134529788,-0.787808608052965
-0.9999438161333054,-0.6189968778643915,-0.5827769857153853,1,-0.7540096126580063,-0.7709056297395466,0.9640275800758169,-0.9999807666044095,-0.5756952716032103,-0.6315557874859378,-0.7064193203972353,-0.564899552846225,-0.9995431161182716,-0.3935553063167454,0.8075689165786144,-0.8157566318133642,-0.48385079670054837,0.992631520201128,-0.999284987397579,-0.9991742890293737,-0.9996985792838805,-0.9193045583987748
-0.9999657858044921,-0.5828287489292948,-0.5521702426849691,1,-0.7372223105393217,-0.7804832133310975,0.9640275800758169,-0.9999781402551956,-0.570322039844703,-0.6410769611853465,-0.7582138378921368,-0.6267223717264533,-0.9996682134529788,-0.352241095668522,0.8019312334505896,-0.8210398813328772,-0.5427177155648781,0.992631520201128,-0.9994003429760324,-0.9990464604956378,-0.9996462887624,-0.8215819886338938
-0.999989188046447,-0.521011913190068,-0.5031604378574973,1,-0.7540831524392535,-0.7867121762584328,0.9640275800758169,-0.9999663288663241,-0.5483368586719491,-0.5810192378024425,-0.7182399648128484,-0.733379049133259,-0.9995782356127378,-0.4268185004117315,0.8287087387796533,-0.8287087387796532,-0.5966956287055879,0.992631520201128,-0.9994970925017165,-0.9993074977913372,-0.9997033629288277,-0.8361725535652005
-0.9999868994896397,-0.5082140400094964,-0.5388793882709176,1,-0.7642136129867887,-0.7897958896821528,0.9640275800758169,-0.9999923961557894,-0.5966956287055879,-0.6218402454256216,-0.6684854838291417,-0.7220908068562374,-0.9996519021304965,-0.4268185004117315,0.8130627801216741,-0.8261861339474803,-0.6018226796314325,0.992631520201128,-0.9995050730161037,-0.9993074977913372,-0.9997127037021034,-0.8715369342221599
-0.9999759377142693,-0.1834571713780172,-0.32856836816706747,1,-0.6903617785694818,-0.7883076935032595,0.9640275800758169,-0.9996985792838805,-0.37994896225522484,0.03997868031116361,0.06391276159528168,-0.6315557874859378,-0.999015469033287,-0.37994896225522484,0.8627493494598499,-0.813062780121674,-0.4462436102487797,0.992631520201128,-0.9991742890293737,-0.9991742890293737,-0.9996229155459074,-0.860950520675348
-0.9999351144275157,-0.07764415500692154,-0.18581419884394162,1,-0.6787314595391581,-0.7727056671517716,0.9640275800758169,-0.9996405848903372,-0.2654848561891097,0.07982976911113145,0.15864850429749905,-0.5539069192039144,-0.9986659289573255,-0.40029485721907404,0.8707081408185617,-0.8047682227403774,-0.525566632174222,0.992631520201128,-0.999329299739067,-0.9991197398299567,-0.9996887793593517,-0.8622308385252317
-0.9998708992398301,-0.021608993720760167,-0.16773140897151068,1,-0.6401568805780029,-0.77391878438505,0.9640275800758169,-0.9995575017697832,-0.2505504079981747,0.0877735441105712,0.12730550045073633,-0.47770001216849795,-0.9987079162711104,-0.3381480525025349,0.8667839288498187,-0.7990576087848079,-0.5313325040915584,0.992631520201128,-0.9993399420362217,-0.9986870903393928,-0.9996786608665135,-0.8625059874064531
-0.9998043044987812,-0.030304972370452172,-0.16122183916152769,1,-0.6330866979153092,-0.7300144558537129,0.9640275800758169,-0.9994284385983162,-0.23549574953849772,0.13516767202007496,0.15084011534525332,-0.40029485721907404,-0.9987485829425584,-0.33104373842411877,0.8667839288498187,-0.7615941559557649,-0.45262761660337403,0.992631520201128,-0.9991742890293737,-0.9985079423323266,-0.9997080706668544,-0.8258976825801558
-0.9998769493312879,-0.3766285160285516,-0.3767754671679794,1,-0.69723824787105,-0.7289387524460051,0.9640275800758169,-0.9998729482847013,-0.4136444421871351,-0.2949688803310316,-0.30950692121263834,-0.48385079670054837,-0.9991609769837921,-0.352241095668522,0.8360785494251856,-0.7778880665771848,-0.5138889548493343,0.992631520201128,-0.9993399420362217,-0.9983312618497168,-0.9997979416121845,-0.8147439395689856
-0.9999410536171839,-0.4617393658855137,-0.3729414113642602,1,-0.6891910485856289,-0.7174139240218642,0.9640275800758169,-0.9999016425237643,-0.4268185004117315,-0.42025361660945937,-0.4960098430228166,-0.5810192378024425,-0.999284987397579,-0.3592286658102706,0.8336546070121553,-0.7714907476090569,-0.570322039844703,0.992631520201128,-0.9994375082579919,-0.9984594617111155,-0.9997880073219518,-0.7787457660446848
-0.9999641035002725,-0.37094855143688066,-0.3804716582090695,1,-0.7124146990169786,-0.7174766373050198,0.9640275800758169,-0.9999250650600038,-0.45896555750337875,-0.4136444421871351,-0.4899541488540997,-0.6315557874859378,-0.9994284385983162,-0.37308312910762215,0.8336546070121553,-0.7714907476090569,-0.5756952716032103,0.992631520201128,-0.9994464340381963,-0.9985778197002059,-0.9997979416121845,-0.7827181061698061
-0.9999708445120579,-0.485911415101229,-0.4077423580884972,1,-0.7179674577193091,-0.7435977954689097,0.9640275800758169,-0.9999032036449458,-0.4899541488540997,-0.45262761660337403,-0.6457649807626309,-0.681548449948351,-0.9994638630489571,-0.3867731841129913,0.8408301432194739,-0.7961470094824337,-0.6858090622290944,0.992631520201128,-0.9996288997761786,-0.9986003777155225,-0.999816435527956,-0.8216057911348458
-0.9999617310598946,-0.5016098538127803,-0.4949540249871366,1,-0.7311645365522924,-0.7529924340791155,0.9640275800758169,-0.9998827159119441,-0.5427177155648781,-0.5313325040915584,-0.7649335334458798,-0.6640367702678491,-0.9995915157019419,-0.40029485721907404,0.838470282263124,-0.8047682227403774,-0.6983128390373444,0.992631520201128,-0.9996519021304965,-0.9986444267289766,-0.9998332368814795,-0.8049253885166703
-0.9999401029179925,-0.4784810819984504,-0.5530069202162432,1,-0.7474831980597135,-0.771198148991403,0.9640275800758169,-0.9999646732638597,-0.6069005989451325,-0.5370495669980354,-0.7023888548400592,-0.6119294488712019,-0.9998250377469902,-0.40699138190362216,0.8210398813328772,-0.8103336554203706,-0.6684854838291417,0.992631520201128,-0.9996106560872084,-0.9988071971423736,-0.999819348924892,-0.8408594184251978
-0.9999766955090599,-0.5239844333404394,-0.5849300994046754,1,-0.7655789507075642,-0.7611653368233458,0.9640275800758169,-0.9999438161333054,-0.6410769611853465,-0.4715020366204608,-0.5862939408069981,-0.7182399648128484,-0.9998509050743067,-0.43333870550299125,0.8287087387796533,-0.8103336554203706,-0.7442768673618374,0.992631520201128,-0.9997172632196264,-0.9991055487400573,-0.9997979416121845,-0.804500074422355
-0.9999611138441997,-0.5478277774480532,-0.5296104177351547,1,-0.7372159700624523,-0.7721325001059933,0.9640275800758169,-0.9999481356422338,-0.5427177155648781,-0.43333870550299125,-0.47770001216849795,-0.616909302877065,-0.9995503664595334,-0.40029485721907404,0.8287087387796533,-0.8075689165786143,-0.5539069192039144,0.992631520201128,-0.9994192227412357,-0.9988988536926733,-0.9997880073219518,-0.7819244563555863
-0.9999571957953952,-0.4964447815046072,-0.4711008138058136,1,-0.7273183345144036,-0.7633953061923255,0.9640275800758169,-0.9999747545708461,-0.5079774328978962,-0.4715020366204608,-0.525566632174222,-0.6069005989451325,-0.9993607228730462,-0.40699138190362216,0.8311981165305461,-0.8103336554203706,-0.5483368586719491,0.992631520201128,-0.9994098583315179,-0.9991055487400573,-0.9997389982195054,-0.8110039602459297
-0.9999766955090599,-0.5294984692565129,-0.48891647260664806,1,-0.7182827173438934,-0.7816103740248951,0.9640275800758169,-0.9999855795039955,-0.525566632174222,-0.6267223717264533,-0.7220908068562374,-0.6900231791331366,-0.999329299739067,-0.352241095668522,0.8184155517784407,-0.8103336554203706,-0.6595405395449498,0.992631520201128,-0.9995915157019419,-0.9987485829425584,-0.9997305122363119,-0.833272736269144
-0.9999833460169257,-0.5236304006897998,-0.534675549643368,1,-0.731536355179814,-0.7641078378309785,0.9640275800758169,-0.9999828044755988,-0.5483368586719491,-0.6640367702678491,-0.7931990970835009,-0.710404487737219,-0.9993504155222135,-0.3592286658102706,0.8157566318133642,-0.8075689165786143,-0.6315557874859378,0.992631520201128,-0.9995431161182716,-0.9987079162711104,-0.9997590625725713,-0.80193296798142
-0.999950566268189,-0.5312477707677469,-0.5117032962090728,1,-0.7311617507556989,-0.7726684574645893,0.9640275800758169,-0.9999717627050605,-0.5197520709817566,-0.5313325040915584,-0.5966956287055879,-0.5756952716032103,-0.9994192227412357,-0.3661761897243701,0.8157566318133642,-0.8075689165786143,-0.4960098430228166,0.992631520201128,-0.9993074977913372,-0.9987684340534805,-0.9997472170187389,-0.779898896196973
-0.9999351144275157,-0.500627274487199,-0.485763134904733,1,-0.753018753035885,-0.7884993033711849,0.9640275800758169,-0.9999798208952861,-0.5020176692139926,-0.5810192378024425,-0.7182399648128484,-0.5370495669980354,-0.9993607228730462,-0.40029485721907404,0.8236299617098691,-0.8210398813328772,-0.45896555750337875,0.992631520201128,-0.9992377485103607,-0.9987684340534805,-0.9998134751504524,-0.8387543362068481
-0.9999201126278947,-0.48243434579117833,-0.4033630553234512,1,-0.7416404668395095,-0.787888578223536,0.9640275800758169,-0.9999629362572838,-0.43981386041546483,-0.5197520709817566,-0.6410769611853465,-0.4899541488540997,-0.9992734593735638,-0.45262761660337403,0.8311981165305461,-0.8261861339474803,-0.37308312910762215,0.992631520201128,-0.999031088607558,-0.9990615886214704,-0.9998332368814795,-0.830818750485312
-0.9998845774173003,-0.47459655167414916,-0.311699249046074,1,-0.7129653466457322,-0.7920404789959579,0.9640275800758169,-0.9999410536171839,-0.37308312910762215,-0.5756952716032103,-0.7778880665771848,-0.43333870550299125,-0.9990911289729081,-0.43981386041546483,0.8336546070121553,-0.8336546070121552,-0.33104373842411877,0.992631520201128,-0.9989335140612631,-0.9989995977858409,-0.9998250377469902,-0.8641184410332348
-0.9999092042625951,-0.5609151749005177,-0.4683830995192199,1,-0.754007644083119,-0.7895813491587365,0.9640275800758169,-0.9999497689871049,-0.5079774328978962,-0.6267223717264533,-0.8336546070121552,-0.525566632174222,-0.9994284385983162,-0.4715020366204608,0.8336546070121553,-0.8360785494251856,-0.5427177155648781,0.992631520201128,-0.999390674243143,-0.9992254591570309,-0.9998222160866986,-0.8823450008627147
-0.9999689175858699,-0.5911111180041954,-0.4869949482601966,1,-0.7711308980952678,-0.79177649104154,0.9640275800758169,-0.9999464491878617,-0.5370495669980354,-0.564899552846225,-0.7023888548400592,-0.6410769611853465,-0.9996288997761786,-0.4960098430228166,0.8336546070121553,-0.8360785494251856,-0.564899552846225,0.992631520201128,-0.9994375082579919,-0.999329299739067,-0.9998358836418801,-0.8998052820741937
-0.9999673892681182,-0.7612877492195247,-0.5442801054749304,1,-0.7693794309998745,-0.7959146227211152,0.9640275800758169,-0.9999921488987156,-0.570322039844703,-0.6858090622290944,-0.6941910270242835,-0.6267223717264533,-0.9995979981392296,-0.4715020366204608,0.8103336554203706,-0.8336546070121552,-0.5313325040915584,0.992631520201128,-0.9993708667223576,-0.9992377485103607,-0.9998250377469902,-0.8707099547379061
-0.9999464491878617,-0.5604218821673188,-0.45450979852720946,1,-0.7470690812853663,-0.803259432268504,0.9640275800758169,-0.9999717627050605,-0.47770001216849795,-0.564899552846225,-0.6549966110275756,-0.5427177155648781,-0.99920028309195,-0.43333870550299125,0.8261861339474803,-0.8336546070121552,-0.3935553063167454,0.992631520201128,-0.9990764768469519,-0.9990464604956378,-0.9998011485014253,-0.9074037006027584
-0.9999340679430292,-0.3924860539385099,-0.3762547295686385,1,-0.7162593445929504,-0.7941046878127865,0.9640275800758169,-0.999977065409544,-0.42025361660945937,-0.5197520709817566,-0.5966956287055879,-0.5197520709817566,-0.9991055487400573,-0.37308312910762215,0.8236299617098691,-0.8210398813328772,-0.3935553063167454,0.992631520201128,-0.9990764768469519,-0.9988261190078384,-0.9997512288630184,-0.8898459343129836
-0.9998984443464138,-0.4089435864066066,-0.34707040655568366,1,-0.6858001214800649,-0.7874692342964089,0.9640275800758169,-0.9999629362572838,-0.4136444421871351,-0.48385079670054837,-0.6728868690993063,-0.4899541488540997,-0.99914745041401,-0.32390169581315553,0.8261861339474803,-0.8157566318133642,-0.45896555750337875,0.992631520201128,-0.999212971747347,-0.9986225781718535,-0.9996937185084721,-0.8781252329810619
-0.9998968064717393,-0.4161602444577386,-0.45569276459776864,1,-0.7035593338065149,-0.7901122113113797,0.9640275800758169,-0.9999472991603658,-0.4899541488540997,-0.47770001216849795,-0.6218402454256216,-0.5197520709817566,-0.999380849662089,-0.32390169581315553,0.8261861339474803,-0.813062780121674,-0.5594278338412256,0.992631520201128,-0.9994192227412357,-0.9986659289573255,-0.9996837605732414,-0.8859383481622434
-0.999944707897185,-0.45252911787059075,-0.49371632222244277,1,-0.7272298732317491,-0.8019772644647672,0.9640275800758169,-0.999950566268189,-0.5539069192039144,-0.3592286658102706,-0.2949688803310316,-0.6640367702678491,-0.9996405848903372,-0.3867731841129913,0.8360785494251856,-0.823629961709869,-0.7778880665771848,0.992631520201128,-0.9997628864418443,-0.9989995977858409,-0.9997472170187389,-0.8408857344173292
-0.9999617310598946,-0.5150153630257847,-0.4916321277230401,1,-0.7489063219852858,-0.8201575369886255,0.9640275800758169,-0.999936144302558,-0.5539069192039144,-0.45262761660337403,-0.5756952716032103,-0.6941910270242835,-0.9996405848903372,-0.43333870550299125,0.843158469098106,-0.8336546070121552,-0.784128111690396,0.992631520201128,-0.9997666496303415,-0.9992734593735638,-0.9997472170187389,-0.8475793526360997
-0.9999438161333054,-0.5277657073798261,-0.46397611111457815,1,-0.7436562501615636,-0.8200026049490584,0.9640275800758169,-0.9999513508949064,-0.5197520709817566,-0.4960098430228166,-0.5915193954318165,-0.616909302877065,-0.9996043777239002,-0.43981386041546483,0.8336546070121553,-0.838470282263124,-0.6684854838291417,0.992631520201128,-0.9996043777239002,-0.999284987397579,-0.9997472170187389,-0.8381719194755425
-0.9999410536171839,-0.49293538196686815,-0.43216389632350205,1,-0.7360085435116367,-0.8171869323781732,0.9640275800758169,-0.9999652339840888,-0.5020176692139926,-0.5594278338412256,-0.7143446147208267,-0.6069005989451325,-0.9995915157019419,-0.45896555750337875,0.8336546070121553,-0.8311981165305461,-0.6549966110275756,0.992631520201128,-0.9995849287545152,-0.9992963325707543,-0.999781114603359,-0.832638452941065
-0.9999410536171839,-0.44611568561149334,-0.4298718887462307,1,-0.7331119501501215,-0.8268092605332118,0.9640275800758169,-0.9999250650600038,-0.5079774328978962,-0.40699138190362216,-0.40029485721907404,-0.6119294488712019,-0.9995503664595334,-0.45262761660337403,0.838470282263124,-0.8336546070121552,-0.6640367702678491,0.992631520201128,-0.9995979981392296,-0.9992963325707543,-0.99977035310078,-0.8452617060242157
-0.9999297104883759,-0.505225871137477,-0.4813684583658946,1,-0.7172985918528166,-0.8103148571337099,0.9640275800758169,-0.9999592018254402,-0.525566632174222,-0.5020176692139926,-0.6119294488712019,-0.5427177155648781,-0.9995503664595334,-0.37994896225522484,0.8210398813328772,-0.823629961709869,-0.5020176692139926,0.992631520201128,-0.999329299739067,-0.9991055487400573,-0.9996937185084721,-0.8652751981528664
-0.9999381552745382,-0.45520377478551227,-0.46794759718804974,1,-0.7030423239433619,-0.7985059800283709,0.9640275800758169,-0.99995288298541,-0.5313325040915584,-0.4652571273092523,-0.4652571273092523,-0.570322039844703,-0.9996519021304965,-0.3022554772068099,0.8075689165786144,-0.8019312334505895,-0.5427177155648781,0.992631520201128,-0.9994003429760324,-0.9989670840022151,-0.9995206562226959,-0.8664560012046333
-0.9999571957953952,-0.4997807852912813,-0.49281588484892624,1,-0.6429059931526896,-0.788685881623556,0.9640275800758169,-0.9999763196427073,-0.525566632174222,-0.5138889548493343,-0.5313325040915584,-0.5756952716032103,-0.9996786608665135,-0.1896749817802303,0.7841281116903962,-0.7747092309184453,-0.43981386041546483,0.992631520201128,-0.99920028309195,-0.9985778197002059,-0.9992617455538517,-0.8584223071079393
-0.9999274249317489,-0.5300118975316608,-0.5290591275660691,1,-0.5614671844750548,-0.7652476371214476,0.9640275800758169,-0.9999810718870528,-0.5313325040915584,-0.6218402454256216,-0.6983128390373444,-0.4715020366204608,-0.9996628630741972,-0.07187584144881758,0.7478240863415949,-0.7406871544621987,-0.2654848561891097,0.992631520201128,-0.9987684340534805,-0.9981924031562599,-0.9987079162711104,-0.8363342811200296
-0.999936144302558,-0.6169054513175422,-0.5150170749970866,1,-0.5454787623379106,-0.7717496452519172,0.9640275800758169,-0.9999784872241964,-0.5020176692139926,-0.564899552846225,-0.5810192378024425,-0.5197520709817566,-0.9995050730161037,0,0.7547922623900605,-0.733379049133259,-0.3867731841129913,0.992631520201128,-0.9990764768469519,-0.9977390810162762,-0.9984346343009073,-0.8461408609807437
-0.9998688171508597,-0.5242893264998516,-0.5371646119152887,1,-0.5267584596848671,-0.7744495861443772,0.9640275800758169,-0.9999788286859868,-0.5427177155648781,-0.5427177155648781,-0.4462436102487797,-0.37994896225522484,-0.999781114603359,0.01599863480646233,0.7220908068562372,-0.729660067724457,-0.1819512393367479,0.992631520201128,-0.9985316078982135,-0.9975898315324421,-0.9983837736478877,-0.8458807164138473
-0.9998332368814795,-0.6426920405724057,-0.5712330585726711,1,-0.5284927732180683,-0.7653377177938668,0.9640275800758169,-0.9999836103581026,-0.5594278338412256,-0.5138889548493343,-0.3935553063167454,-0.37994896225522484,-0.9997628864418443,0.055941534671146854,0.7258974148490805,-0.7258974148490805,-0.28029297593793373,0.992631520201128,-0.9988261190078384,-0.9970804146571146,-0.9983312618497168,-0.7439104011974632
-0.9998460572524418,-0.46809578366403676,-0.5471663396294413,1,-0.5116590501334325,-0.7500708240444177,0.9640275800758169,-0.9999871074285074,-0.5594278338412256,-0.48385079670054837,-0.32390169581315553,-0.42025361660945937,-0.9997775846622567,0.06391276159528168,0.7296600677244568,-0.7143446147208267,-0.3867731841129913,0.992631520201128,-0.9990911289729081,-0.9967867126046208,-0.9984346343009073,-0.7147354340602777
-0.9997845885270026,-0.5594800966378168,-0.5834087776224908,1,-0.5018845541045425,-0.7463517348795712,0.9640275800758169,-0.9999964722651669,-0.5862939408069981,-0.616909302877065,-0.4899541488540997,-0.3592286658102706,-0.9998104670349292,0.0718758414488178,0.7023888548400592,-0.710404487737219,-0.3381480525025349,0.992631520201128,-0.998983470814186,-0.9964065809388432,-0.9985079423323266,-0.6678201859385332
-0.9998332368814795,-0.6347898086181712,-0.5965762567931923,1,-0.5344982313806345,-0.7551043970737178,0.9640275800758169,-0.9999871074285074,-0.6018226796314325,-0.6218402454256216,-0.6267223717264533,-0.4462436102487797,-0.9997305122363119,0.023995393061435753,0.733379049133259,-0.733379049133259,-0.5079774328978962,0.992631520201128,-0.9993504155222135,-0.9969370765859934,-0.9986870903393928,-0.6764749609681449
-0.9998934510544042,-0.6395465268047,-0.5819555328050052,1,-0.5983853296582822,-0.7713842820413387,0.9640275800758169,-0.9999918936015226,-0.5915193954318165,-0.5862939408069981,-0.43333870550299125,-0.5020176692139926,-0.9996887793593517,-0.05594153467114708,0.7442768673618372,-0.7615941559557649,-0.5020176692139926,0.992631520201128,-0.999329299739067,-0.9978790980509081,-0.998863067516587,-0.6943239867175942
-0.9997551770442933,-0.5494144948476877,-0.5205507273080954,1,-0.5983312861638674,-0.7775580633058332,0.9640275800758169,-0.9999822453250067,-0.5427177155648781,-0.5594278338412256,-0.5427177155648781,-0.3661761897243701,-0.9996887793593517,-0.11153402858525477,0.7615941559557649,-0.7714907476090569,-0.40029485721907404,0.992631520201128,-0.9991197398299567,-0.9981924031562599,-0.9990615886214704,-0.5921677186572862
-0.999912063604973,-0.5931780318090961,-0.5384177976612219,1,-0.6404679721781265,-0.779730386303531,0.9640275800758169,-0.9999813723241333,-0.5539069192039144,-0.6069005989451325,-0.6410769611853465,-0.5020176692139926,-0.9997261663480572,-0.19737532022490398,0.771490747609057,-0.7810275833073346,-0.43981386041546483,0.992631520201128,-0.99920028309195,-0.9986870903393928,-0.9992377485103607,-0.7313812233178174
-0.9998968064717393,-0.6246797249943832,-0.5995874392352006,1,-0.6583810572697701,-0.7930413378579975,0.9640275800758169,-0.9999855795039955,-0.616909302877065,-0.6069005989451325,-0.6457649807626309,-0.5020176692139926,-0.9998358836418801,-0.17420497908433885,0.7615941559557649,-0.784128111690396,-0.5020176692139926,0.992631520201128,-0.9993399420362217,-0.9985316078982135,-0.9992377485103607,-0.6982254314209674
-0.9998827159119441,-0.6467369156518986,-0.6494452211666152,1,-0.6688231206044951,-0.7799392313865513,0.9640275800758169,-0.9999886564186208,-0.6640367702678491,-0.616909302877065,-0.6069005989451325,-0.5138889548493343,-0.9998984443464138,-0.1819512393367479,0.7547922623900605,-0.768232289952225,-0.5810192378024425,0.992631520201128,-0.9994807434502514,-0.9984838956460685,-0.9993074977913372,-0.7493539354048372
-0.99997351325299,-0.6643754016419517,-0.640539260868249,1,-0.6020627027514988,-0.7629563813525099,0.9640275800758169,-0.9999862553333871,-0.6595405395449498,-0.616909302877065,-0.6363406086565133,-0.6684854838291417,-0.9998601475679573,-0.04796316994220894,0.7406871544621987,-0.7442768673618374,-0.6119294488712019,0.992631520201128,-0.9995282628984578,-0.9975510062831346,-0.999031088607558,-0.7009864293448358
-0.9999816679925603,-0.6396817716474655,-0.6408290716019018,1,-0.6026362143157049,-0.7790665815645486,0.9640275800758169,-0.9999726519818308,-0.6595405395449498,-0.5313325040915584,-0.45896555750337875,-0.729660067724457,-0.9998222160866986,-0.07187584144881758,0.76493353344588,-0.751329115493274,-0.7220908068562374,0.992631520201128,-0.9996937185084721,-0.9976656473813831,-0.9990911289729081,-0.7624794794871886
-0.9999381552745382,-0.593073931444514,-0.5786495374706273,1,-0.6124671732101449,-0.7576281852079254,0.9640275800758169,-0.9999623384790944,-0.6218402454256216,-0.5483368586719491,-0.5756952716032103,-0.6119294488712019,-0.9998410518161654,-0.08777354411057144,0.76493353344588,-0.751329115493274,-0.6640367702678491,0.992631520201128,-0.9996106560872084,-0.9979783962209064,-0.999015469033287,-0.7049267707439903
-0.9999226284569604,-0.6320161772445203,-0.5709700934242934,1,-0.6258715631885471,-0.7909993810225701,0.9640275800758169,-0.999948958847576,-0.6119294488712019,-0.5810192378024425,-0.6858090622290944,-0.5756952716032103,-0.999816435527956,-0.11942729853438579,0.771490747609057,-0.768232289952225,-0.6315557874859378,0.992631520201128,-0.9995575017697832,-0.9980420011034257,-0.9991609769837921,-0.7421760554109186
-0.9998984443464138,-0.6333946910685511,-0.5874457367625718,1,-0.6758967592729279,-0.7985140504482914,0.9640275800758169,-0.9999635245474802,-0.616909302877065,-0.5915193954318165,-0.6728868690993063,-0.5862939408069981,-0.9997979416121845,-0.22032722188562134,0.7931990970835009,-0.7810275833073346,-0.729660067724457,0.992631520201128,-0.9997033629288277,-0.9987485829425584,-0.999329299739067,-0.7211177161459416
-0.9997261663480572,-0.4987201476232102,-0.5259926906556074,1,-0.6589612404738767,-0.7974800742373537,0.9640275800758169,-0.9999673892681182,-0.5539069192039144,-0.4960098430228166,-0.6363406086565133,-0.40699138190362216,-0.99977035310078,-0.20505137981563515,0.7931990970835009,-0.7810275833073346,-0.564899552846225,0.992631520201128,-0.9994375082579919,-0.9985316078982135,-0.9993607228730462,-0.7635021578291501
-0.9998074104117267,-0.4672562210442518,-0.4907693551683284,1,-0.6502382925894172,-0.7961323512872182,0.9640275800758169,-0.9999830774123447,-0.4960098430228166,-0.4652571273092523,-0.37994896225522484,-0.42025361660945937,-0.999380849662089,-0.1819512393367479,0.7931990970835009,-0.7778880665771848,-0.4899541488540997,0.992631520201128,-0.999284987397579,-0.9980730498497001,-0.9994284385983162,-0.774331604866267
-0.9997628864418443,-0.5036401791754405,-0.5253144785100446,1,-0.635046502935528,-0.8000701799520405,0.9640275800758169,-0.9999875134571145,-0.5079774328978962,-0.47770001216849795,-0.43333870550299125,-0.37994896225522484,-0.9994003429760324,-0.14301285893511154,0.7871899840051358,-0.7871899840051358,-0.43981386041546483,0.992631520201128,-0.9991873899502037,-0.9979783962209064,-0.9993184859117006,-0.7879584845046468
-0.9996985792838805,-0.47634357505495234,-0.40674315435347397,1,-0.6041020556466865,-0.7996345473473796,0.9640275800758169,-0.9999646732638597,-0.4136444421871351,-0.4715020366204608,-0.5539069192039144,-0.2876478137415113,-0.999284987397579,-0.14301285893511154,0.7902135340690539,-0.7902135340690539,-0.2580330460894452,0.992631520201128,-0.9987284120632095,-0.9977390810162762,-0.9993708667223576,-0.822465403919069
-0.9998509050743067,-0.4652728908939897,-0.42879664284246444,1,-0.5998668114203037,-0.799574941263924,0.9640275800758169,-0.9999611138441997,-0.4268185004117315,-0.45262761660337403,-0.45896555750337875,-0.40699138190362216,-0.9992377485103607,-0.13516767202007474,0.7902135340690539,-0.7961470094824337,-0.34521403413552104,0.992631520201128,-0.9989670840022151,-0.9975898315324421,-0.999380849662089,-0.8658790255496929
-0.9998332368814795,-0.5277278640731494,-0.4907028812974926,1,-0.6379443916284371,-0.8063379161750104,0.9640275800758169,-0.9999497689871049,-0.5138889548493343,-0.5079774328978962,-0.5966956287055879,-0.40699138190362216,-0.9996985792838805,-0.14301285893511154,0.7778880665771849,-0.7961470094824337,-0.37994896225522484,0.992631520201128,-0.9990764768469519,-0.9980730498497001,-0.9992734593735638,-0.8651680798099121
-0.9998485005513104,-0.6198801416302593,-0.5070294750133857,1,-0.6009060702424404,-0.7935808344677642,0.9640275800758169,-0.9999472991603658,-0.5079774328978962,-0.4268185004117315,-0.37308312910762215,-0.42025361660945937,-0.9996405848903372,-0.12730550045073633,0.7810275833073346,-0.7810275833073346,-0.3867731841129913,0.992631520201128,-0.9990764768469519,-0.997945823898577,-0.9992617455538517,-0.8156654468446545
-0.9999134593308306,-0.6722952534339434,-0.48335848006950105,1,-0.6299590187813892,-0.7911423450991697,0.9640275800758169,-0.9999730860623288,-0.5138889548493343,-0.5756952716032103,-0.6684854838291417,-0.5020176692139926,-0.9996519021304965,-0.13516767202007474,0.7778880665771849,-0.7778880665771848,-0.4462436102487797,0.992631520201128,-0.999212971747347,-0.9980420011034257,-0.9992498429462278,-0.842745197259454
-0.9999201126278947,-0.5905925510330706,-0.5227303660643333,1,-0.5703569359138451,-0.7824385290515853,0.9640275800758169,-0.9999810718870528,-0.5313325040915584,-0.47770001216849795,-0.3022554772068099,-0.525566632174222,-0.9996347890556477,-0.07187584144881758,0.768232289952225,-0.751329115493274,-0.4960098430228166,0.992631520201128,-0.9993074977913372,-0.9977390810162762,-0.999015469033287,-0.6501554948079005
-0.999900056226247,-0.5126747730010279,-0.501634685680049,1,-0.5811443811524184,-0.7836876967479994,0.9640275800758169,-0.9999841265198478,-0.5138889548493343,-0.5427177155648781,-0.6119294488712019,-0.45262761660337403,-0.9996043777239002,-0.11153402858525477,0.771490747609057,-0.7547922623900605,-0.32390169581315553,0.992631520201128,-0.9989163223652454,-0.9977390810162762,-0.9992498429462278,-0.6039507781010627
-0.999950566268189,-0.554624814854639,-0.4472744117057007,1,-0.5937655950072662,-0.7794254362492752,0.9640275800758169,-0.9999689175858699,-0.4899541488540997,-0.5915193954318165,-0.6858090622290944,-0.5594278338412256,-0.9995282628984578,-0.08777354411057144,0.771490747609057,-0.7582138378921368,-0.4268185004117315,0.992631520201128,-0.9991609769837921,-0.997471471796836,-0.9992377485103607,-0.6989506882832565
-0.9998984443464138,-0.4494457780337574,-0.44988580629403446,1,-0.5895877909077467,-0.7633293660014387,0.9640275800758169,-0.9999543668273846,-0.4899541488540997,-0.40029485721907404,-0.45896555750337875,-0.4715020366204608,-0.9996229155459074,-0.08777354411057144,0.7841281116903962,-0.7406871544621987,-0.3867731841129913,0.992631520201128,-0.9990911289729081,-0.9972170541703282,-0.9993074977913372,-0.6659034615617222
-0.9998578920923494,-0.45581974807779596,-0.47591693630293175,1,-0.6392718437001843,-0.7065638545295626,0.9640275800758169,-0.9999673892681182,-0.5020176692139926,-0.4136444421871351,-0.4652571273092523,-0.40029485721907404,-0.9996574264301669,-0.1819512393367479,0.7871899840051358,-0.7258974148490805,-0.3022554772068099,0.992631520201128,-0.998863067516587,-0.9977749279342794,-0.9995282628984578,-0.8482386530429938
-0.9998601475679573,-0.43935663297804206,-0.4548769834606724,1,-0.638054799905034,-0.6733209020985071,0.9640275800758169,-0.9999134593308306,-0.4960098430228166,-0.28029297593793373,-0.22792531458279305,-0.43333870550299125,-0.9996347890556477,-0.17420497908433885,0.8019312334505896,-0.7143446147208267,-0.40699138190362216,0.992631520201128,-0.9991197398299567,-0.9978790980509081,-0.9994807434502514,-0.8243550284846688
-0.9998827159119441,-0.4878738745037898,-0.4180002915789432,1,-0.6571800792341475,-0.6763394462065511,0.9640275800758169,-0.9999340679430292,-0.47770001216849795,-0.30950692121263834,-0.1896749817802303,-0.45262761660337403,-0.9995206562226959,-0.23549574953849772,0.8075689165786144,-0.7143446147208267,-0.40029485721907404,0.992631520201128,-0.9991055487400573,-0.9984094070890821,-0.9995357488923946,-0.8314198455041939
-0.9999201126278947,-0.5442023087096647,-0.4821550667501212,1,-0.6995660132806049,-0.6725811443613304,0.9640275800758169,-0.9999161846780742,-0.5197520709817566,-0.45262761660337403,-0.5370495669980354,-0.5427177155648781,-0.9995050730161037,-0.30950692121263834,0.8184155517784407,-0.733379049133259,-0.5539069192039144,0.992631520201128,-0.9994192227412357,-0.9988811035861201,-0.9995782356127378,-0.8602537405702456
-0.9999536308413634,-0.5504032387661105,-0.515243398617758,1,-0.6616226543531732,-0.7317257151343227,0.9640275800758169,-0.9999238565039442,-0.5483368586719491,-0.5594278338412256,-0.7582138378921368,-0.6069005989451325,-0.9995357488923946,-0.24303771385522202,0.8075689165786144,-0.7478240863415949,-0.5756952716032103,0.992631520201128,-0.9994552182201533,-0.9988261190078384,-0.999380849662089,-0.8085514347438518
-0.9999794954361911,-0.5699893674235412,-0.5808590419486783,1,-0.6914214370881651,-0.762670289673836,0.9640275800758169,-0.9999766955090599,-0.6119294488712019,-0.6457649807626309,-0.8019312334505895,-0.7143446147208267,-0.9997431404851737,-0.2505504079981747,0.7961470094824338,-0.7649335334458798,-0.6900231791331366,0.992631520201128,-0.9996462887624,-0.9989670840022151,-0.9993399420362217,-0.7536318922082493
-0.9999617310598946,-0.5263128129641568,-0.5908475209717582,1,-0.644843402776931,-0.7760327201295967,0.9640275800758169,-0.999972210900378,-0.6267223717264533,-0.525566632174222,-0.5313325040915584,-0.6504048125697587,-0.9998305474394893,-0.1896749817802303,0.7810275833073346,-0.768232289952225,-0.6504048125697587,0.992631520201128,-0.9995915157019419,-0.9986225781718535,-0.9992617455538517,-0.8483949579962562
-0.9999763196427073,-0.6961223478583934,-0.6047323096293353,1,-0.6345778270268205,-0.7686354336159138,0.9640275800758169,-0.9999801411885765,-0.6363406086565133,-0.6858090622290944,-0.8019312334505895,-0.6684854838291417,-0.9998358836418801,-0.1664370981680667,0.7615941559557649,-0.7615941559557649,-0.5810192378024425,0.992631520201128,-0.9994723707341434,-0.9984094070890821,-0.9992617455538517,-0.8030268723329916
-0.999950566268189,-0.6493630919697021,-0.5710477526250217,1,-0.6510466393964839,-0.763936697197221,0.9640275800758169,-0.9999873120668701,-0.6069005989451325,-0.6941910270242835,-0.8103336554203706,-0.570322039844703,-0.9997979416121845,-0.22032722188562134,0.7615941559557649,-0.7714907476090569,-0.4715020366204608,0.992631520201128,-0.9992734593735638,-0.9983837736478877,-0.9994889833373769,-0.863223232865987
-0.9999391368861988,-0.5735642972200286,-0.5964159691028604,1,-0.6930804041908654,-0.7643631202769898,0.9640275800758169,-0.9999916300027704,-0.5862939408069981,-0.6640367702678491,-0.7582138378921368,-0.5539069192039144,-0.9996937185084721,-0.2876478137415113,0.7841281116903962,-0.7810275833073346,-0.48385079670054837,0.992631520201128,-0.999284987397579,-0.9986444267289766,-0.9996106560872084,-0.9038882521358023
-0.9999464491878617,-0.4680673352094024,-0.5080505448617165,1,-0.6843766156580171,-0.7777333853849417,0.9640275800758169,-0.9999875134571145,-0.5594278338412256,-0.6119294488712019,-0.7064193203972353,-0.5862939408069981,-0.9997261663480572,-0.3022554772068099,0.7931990970835009,-0.7810275833073346,-0.5483368586719491,0.992631520201128,-0.9994192227412357,-0.998787970459051,-0.9996043777239002,-0.8892749618722835
-0.999948958847576,-0.5796316238689952,-0.5632175719734059,1,-0.7029837624155377,-0.7765657768039611,0.9640275800758169,-0.9999794954361911,-0.5915193954318165,-0.6315557874859378,-0.7406871544621987,-0.616909302877065,-0.9996937185084721,-0.28029297593793373,0.7990576087848079,-0.7871899840051358,-0.6363406086565133,0.992631520201128,-0.9995575017697832,-0.9987079162711104,-0.9995714345652794,-0.8121678070972782
-0.9999297104883759,-0.5699302602292731,-0.5633391338629736,1,-0.672343237297993,-0.7946377032262248,0.9640275800758169,-0.9999838705035449,-0.6218402454256216,-0.6218402454256216,-0.681548449948351,-0.5862939408069981,-0.9998485005513104,-0.23549574953849772,0.7778880665771849,-0.7961470094824337,-0.6267223717264533,0.992631520201128,-0.9995503664595334,-0.998163275769503,-0.9995979981392296,-0.8324175381691097
-0.9999047399893297,-0.629379589418576,-0.5188811523303705,1,-0.639586692111213,-0.7979291146640373,0.9640275800758169,-0.9999663288663241,-0.5594278338412256,-0.616909302877065,-0.7182399648128484,-0.5079774328978962,-0.9997127037021034,-0.1819512393367479,0.7778880665771849,-0.7961470094824337,-0.5020176692139926,0.992631520201128,-0.9993184859117006,-0.9980730498497001,-0.9994552182201533,-0.6697111591732564
-0.9999226284569604,-0.5801435801497137,-0.44948287733001235,1,-0.6253731750926588,-0.7794846647184624,0.9640275800758169,-0.9999161846780742,-0.4715020366204608,-0.43333870550299125,-0.2949688803310316,-0.525566632174222,-0.999284987397579,-0.19737532022490398,0.8019312334505896,-0.768232289952225,-0.47770001216849795,0.992631520201128,-0.9992734593735638,-0.9981924031562599,-0.9994464340381963,-0.6892812254877762
-0.9998729482847013,-0.644899621144755,-0.39377662393038143,1,-0.6266663029755467,-0.7660246550511325,0.9640275800758169,-0.9999611138441997,-0.43333870550299125,-0.5427177155648781,-0.5427177155648781,-0.4715020366204608,-0.999212971747347,-0.20505137981563515,0.7990576087848079,-0.7649335334458798,-0.48385079670054837,0.992631520201128,-0.9992734593735638,-0.9982770453945787,-0.9994464340381963,-0.7821179042856108
-0.9998808243865033,-0.5756159126916185,-0.41526261649040186,1,-0.6221402085042123,-0.7780658280337858,0.9640275800758169,-0.9999134593308306,-0.4462436102487797,-0.47770001216849795,-0.5079774328978962,-0.4899541488540997,-0.999212971747347,-0.17420497908433885,0.8047682227403774,-0.7582138378921368,-0.5313325040915584,0.992631520201128,-0.9993708667223576,-0.9979783962209064,-0.9994192227412357,-0.7044323585856046
-0.9998934510544042,-0.6100083094191604,-0.455299333047412,1,-0.6274821252309158,-0.7701374274013071,0.9640275800758169,-0.9999684162753075,-0.4715020366204608,-0.5483368586719491,-0.5594278338412256,-0.5079774328978962,-0.9993504155222135,-0.1819512393367479,0.7961470094824338,-0.7547922623900605,-0.5427177155648781,0.992631520201128,-0.999390674243143,-0.9978790980509081,-0.9994889833373769,-0.6821691394631817
-0.9999047399893297,-0.5384949261708043,-0.545205468574726,1,-0.6521713425075638,-0.7865843369537603,0.9640275800758169,-0.9999604866740172,-0.5539069192039144,-0.43333870550299125,-0.43333870550299125,-0.5197520709817566,-0.99977035310078,-0.19737532022490398,0.7902135340690539,-0.7778880665771848,-0.525566632174222,0.992631520201128,-0.9993708667223576,-0.9979127273153512,-0.9995503664595334,-0.7339953410915668
-0.9999201126278947,-0.5335585913011781,-0.5754410839545676,1,-0.6692112937137065,-0.8177872485547244,0.9640275800758169,-0.9999726519818308,-0.570322039844703,-0.6410769611853465,-0.813062780121674,-0.5197520709817566,-0.9996347890556477,-0.22792531458279305,0.7902135340690539,-0.8075689165786143,-0.4715020366204608,0.992631520201128,-0.9992617455538517,-0.9983312618497168,-0.9995282628984578,-0.8273138692961208
-0.9998827159119441,-0.4953342554683904,-0.5943093688897693,1,-0.6624216307022457,-0.8144105511059327,0.9640275800758169,-0.9999828044755988,-0.5810192378024425,-0.5483368586719491,-0.5138889548493343,-0.43333870550299125,-0.9996786608665135,-0.23549574953849772,0.7747092309184453,-0.8047682227403774,-0.3167225447224284,0.992631520201128,-0.9989163223652454,-0.9982770453945787,-0.9995645238732553,-0.8561267743811831
-0.9998305474394893,-0.5223843142684369,-0.5559472610051082,1,-0.6509418537743978,-0.8171807623457811,0.9640275800758169,-0.9999813723241333,-0.5370495669980354,-0.5915193954318165,-0.681548449948351,-0.3935553063167454,-0.9995050730161037,-0.21270229740018173,0.7841281116903962,-0.8075689165786143,-0.3592286658102706,0.992631520201128,-0.999015469033287,-0.9981924031562599,-0.9995206562226959,-0.8456809160047346
-0.9998358836418801,-0.5648284842443404,-0.486320409986607,1,-0.6279189963556152,-0.8208154663841808,0.9640275800758169,-0.9999781402551956,-0.4960098430228166,-0.6119294488712019,-0.7023888548400592,-0.4268185004117315,-0.9992963325707543,-0.20505137981563515,0.7902135340690539,-0.7990576087848079,-0.4462436102487797,0.992631520201128,-0.99920028309195,-0.9980730498497001,-0.9995129269205365,-0.8144056029021964
-0.9998645517007605,-0.6890899576494848,-0.5289085329009466,1,-0.6439048810215271,-0.8178364940077731,0.9640275800758169,-0.9999641035002725,-0.5370495669980354,-0.6018226796314325,-0.6728868690993063,-0.45896555750337875,-0.9994464340381963,-0.21270229740018173,0.7902135340690539,-0.7961470094824337,-0.48385079670054837,0.992631520201128,-0.999284987397579,-0.9981924031562599,-0.9995129269205365,-0.8086038648076269
-0.9998917326530088,-0.6363690102128485,-0.5220901257127059,1,-0.6788118029349102,-0.8202519524242383,0.9640275800758169,-0.999977065409544,-0.5427177155648781,-0.5966956287055879,-0.5915193954318165,-0.5313325040915584,-0.9995979981392296,-0.22792531458279305,0.7902135340690539,-0.8019312334505895,-0.6018226796314325,0.992631520201128,-0.9995050730161037,-0.9984094070890821,-0.9995050730161037,-0.8144859374285325
-0.9998789023569088,-0.6067695560741239,-0.5773487398800461,1,-0.6504762946772862,-0.819567457126135,0.9640275800758169,-0.9999804563980541,-0.570322039844703,-0.6018226796314325,-0.6640367702678491,-0.48385079670054837,-0.9996937185084721,-0.1896749817802303,0.7778880665771849,-0.7902135340690539,-0.5079774328978962,0.992631520201128,-0.9993399420362217,-0.9980420011034257,-0.9994807434502514,-0.8075642990024523
-0.9998917326530088,-0.36425862915226587,-0.46266597025121964,1,-0.6250550901927872,-0.8223052026005707,0.9640275800758169,-0.9999351144275157,-0.5138889548493343,-0.3867731841129913,-0.4462436102487797,-0.47770001216849795,-0.9997628864418443,-0.1664370981680667,0.7902135340690539,-0.7902135340690539,-0.43333870550299125,0.992631520201128,-0.9991873899502037,-0.9982770453945787,-0.9993074977913372,-0.7225041002065732
-0.9998951421830474,-0.3990692859049315,-0.567028198947185,1,-0.625622562299319,-0.8231732692187634,0.9640275800758169,-0.9999973970213158,-0.5810192378024425,-0.6684854838291417,-0.7547922623900605,-0.48385079670054837,-0.999819348924892,-0.11153402858525477,0.7478240863415949,-0.7810275833073346,-0.43981386041546483,0.992631520201128,-0.99920028309195,-0.9978449275502639,-0.9992254591570309,-0.8086845978353827
-0.999912063604973,-0.36903899483101443,-0.43921090790435435,1,-0.5621375713590585,-0.8112052086362916,0.9640275800758169,-0.9999880986506097,-0.4899541488540997,-0.5862939408069981,-0.681548449948351,-0.5079774328978962,-0.9995714345652794,-0.01599863480646233,0.7615941559557649,-0.7649335334458798,-0.45896555750337875,0.992631520201128,-0.9992254591570309,-0.9972170541703282,-0.9988988536926733,-0.7144448723062858
-0.9999497689871049,-0.41549262709558776,-0.49622687461845266,1,-0.579193402215794,-0.8061298421884878,0.9640275800758169,-0.9999726519818308,-0.5138889548493343,-0.5427177155648781,-0.6218402454256216,-0.5915193954318165,-0.9995357488923946,-0.04796316994220894,0.7747092309184453,-0.7649335334458798,-0.5483368586719491,0.992631520201128,-0.9994098583315179,-0.9977390810162762,-0.9988261190078384,-0.7457249667410533
-0.9999604866740172,-0.4296841745108691,-0.4259209049297396,1,-0.520819225312356,-0.7966377087685068,0.9640275800758169,-0.9999739336631688,-0.47770001216849795,-0.5020176692139926,-0.525566632174222,-0.6218402454256216,-0.9994638630489571,-0.007999829337702071,0.7747092309184453,-0.7547922623900605,-0.570322039844703,0.992631520201128,-0.9994464340381963,-0.997261166487802,-0.9987684340534805,-0.7587080151444782
-0.9999708445120579,-0.3731986349417148,-0.4432994685717032,1,-0.5366651316340073,-0.8107136041065525,0.9640275800758169,-0.999972210900378,-0.4899541488540997,-0.43981386041546483,-0.4462436102487797,-0.6457649807626309,-0.9994970925017165,-0.023995393061435975,0.7810275833073346,-0.7747092309184453,-0.564899552846225,0.992631520201128,-0.9994375082579919,-0.9975115563794923,-0.9987684340534805,-0.7888448344086871
-0.9999689175858699,-0.4386720653204806,-0.5175852016713267,1,-0.5912192594156536,-0.8060869086872209,0.9640275800758169,-0.9999816679925603,-0.5483368586719491,-0.6457649807626309,-0.8311981165305461,-0.6457649807626309,-0.9996229155459074,-0.09570617112325505,0.7778880665771849,-0.7871899840051358,-0.5756952716032103,0.992631520201128,-0.9994552182201533,-0.9978790980509081,-0.9990911289729081,-0.8526426121875267
-0.9999743474004839,-0.40809758534913304,-0.4788176682203589,1,-0.5807726111235915,-0.7948722753451829,0.9640275800758169,-0.9999910768120439,-0.5079774328978962,-0.616909302877065,-0.7406871544621987,-0.6457649807626309,-0.9996043777239002,-0.10362666046634028,0.7747092309184453,-0.7871899840051358,-0.5079774328978962,0.992631520201128,-0.999329299739067,-0.9978449275502639,-0.9991873899502037,-0.8818050096764881
-0.9999766955090599,-0.44706040651658163,-0.535702437002021,1,-0.6160640930889855,-0.7963778694144158,0.9640275800758169,-0.9999934159211028,-0.5594278338412256,-0.6315557874859378,-0.6983128390373444,-0.6772411229382403,-0.9996887793593517,-0.14301285893511154,0.7747092309184453,-0.7931990970835009,-0.5966956287055879,0.992631520201128,-0.9994970925017165,-0.9979127273153512,-0.9993399420362217,-0.80966810293555
-0.9999784872241964,-0.4899204216218044,-0.4956877240827181,1,-0.6367200290590382,-0.7936654287206987,0.9640275800758169,-0.999989528550036,-0.5483368586719491,-0.6267223717264533,-0.733379049133259,-0.6772411229382403,-0.9996519021304965,-0.1896749817802303,0.7841281116903962,-0.7931990970835009,-0.5810192378024425,0.992631520201128,-0.9994723707341434,-0.9982210690424144,-0.9994464340381963,-0.7852795156914995
-0.999948958847576,-0.5322305793181514,-0.6046999215043102,1,-0.6517092261309516,-0.7952368197807508,0.9640275800758169,-0.9999879066986501,-0.6018226796314325,-0.5915193954318165,-0.6119294488712019,-0.6018226796314325,-0.9997472170187389,-0.1896749817802303,0.7778880665771849,-0.7871899840051358,-0.5862939408069981,0.992631520201128,-0.9994807434502514,-0.9984094070890821,-0.9993504155222135,-0.7459710739790754
-0.9999188242018987,-0.6527252728427054,-0.6228271388302239,1,-0.6376575766704126,-0.7989390262166794,0.9640275800758169,-0.9999896947591533,-0.6315557874859378,-0.6018226796314325,-0.570322039844703,-0.6069005989451325,-0.9997472170187389,-0.14301285893511154,0.7747092309184453,-0.7902135340690539,-0.729660067724457,0.992631520201128,-0.9996985792838805,-0.998163275769503,-0.9992498429462278,-0.7284335804596354
-0.9999381552745382,-0.6076166687954548,-0.5753664354274777,1,-0.6444012776301613,-0.8067909997164509,0.9640275800758169,-0.9999825271368183,-0.6119294488712019,-0.616909302877065,-0.5079774328978962,-0.6410769611853465,-0.999781114603359,-0.15084011534525313,0.768232289952225,-0.7931990970835009,-0.7406871544621987,0.992631520201128,-0.9997172632196264,-0.9983837736478877,-0.99920028309195,-0.8418481904483572
-0.999948958847576,-0.6076214814103503,-0.5411392857878166,1,-0.6232746309762454,-0.8016011695679502,0.9640275800758169,-0.9999833460169257,-0.564899552846225,-0.6267223717264533,-0.6595405395449498,-0.6684854838291417,-0.9996043777239002,-0.15864850429749905,0.7902135340690539,-0.7931990970835009,-0.7778880665771848,0.992631520201128,-0.9997590625725713,-0.9981924031562599,-0.9993074977913372,-0.6798560695483099
-0.9999629362572838,-0.5998646691119707,-0.5743317877395939,1,-0.6422994268821794,-0.8028419835675205,0.9640275800758169,-0.9999900193047906,-0.5966956287055879,-0.5810192378024425,-0.5594278338412256,-0.6941910270242835,-0.9995979981392296,-0.1819512393367479,0.7961470094824338,-0.7961470094824337,-0.7714907476090569,0.992631520201128,-0.9997512288630184,-0.9983043701156257,-0.999380849662089,-0.7125780429493019
-0.9999635245474802,-0.5499314791156382,-0.5459102720700211,1,-0.6488034135621574,-0.8236932223638929,0.9640275800758169,-0.9999755496259771,-0.5915193954318165,-0.525566632174222,-0.4899541488540997,-0.6858090622290944,-0.9996574264301669,-0.22032722188562134,0.8019312334505896,-0.8047682227403774,-0.751329115493274,0.992631520201128,-0.9997261663480572,-0.9986870903393928,-0.9993399420362217,-0.697890002467937
-0.9999635245474802,-0.4987234433997921,-0.5098291749060455,1,-0.6263010407065827,-0.8109763719295286,0.9640275800758169,-0.9999807666044095,-0.564899552846225,-0.5370495669980354,-0.5483368586719491,-0.6941910270242835,-0.9995714345652794,-0.19737532022490398,0.8047682227403774,-0.8019312334505895,-0.7649335334458798,0.992631520201128,-0.9997431404851737,-0.9985079423323266,-0.9993504155222135,-0.79611589893604
-0.9999747545708461,-0.6251391475073615,-0.5593107326561868,1,-0.6261195219983879,-0.8062218933311611,0.9640275800758169,-0.9999381552745382,-0.5810192378024425,-0.48385079670054837,-0.5313325040915584,-0.7064193203972353,-0.9996786608665135,-0.1664370981680667,0.7990576087848079,-0.7931990970835009,-0.7182399648128484,0.992631520201128,-0.9996837605732414,-0.9983577274465666,-0.999284987397579,-0.8310954446855603
-0.9999843784725498,-0.6214011814180267,-0.5299665241898142,1,-0.6505033683881272,-0.7915795286098689,0.9640275800758169,-0.9999319240699924,-0.5810192378024425,-0.5197520709817566,-0.6069005989451325,-0.7370546472300757,-0.9996786608665135,-0.19737532022490398,0.8019312334505896,-0.7990576087848079,-0.7023888548400592,0.992631520201128,-0.9996628630741972,-0.9987485829425584,-0.9991742890293737,-0.866258045240937
-0.9999910768120439,-0.5531229070066765,-0.4908617094516995,1,-0.6221009455963238,-0.7972036642536454,0.9640275800758169,-0.9999536308413634,-0.5483368586719491,-0.47770001216849795,-0.5756952716032103,-0.7747092309184453,-0.9996405848903372,-0.1819512393367479,0.8075689165786144,-0.7902135340690539,-0.7143446147208267,0.992631520201128,-0.9996734789348639,-0.9986444267289766,-0.99920028309195,-0.8510841533233138
-0.9999880986506097,-0.6250387439258944,-0.588388626072335,1,-0.6648464762435713,-0.8022907440270557,0.9640275800758169,-0.9999794954361911,-0.6119294488712019,-0.564899552846225,-0.6267223717264533,-0.7478240863415949,-0.9997389982195054,-0.22792531458279305,0.7961470094824338,-0.7961470094824337,-0.681548449948351,0.992631520201128,-0.9996347890556477,-0.9988988536926733,-0.9992617455538517,-0.8033525249659035
-0.9999635245474802,-0.5217474539324267,-0.5633254987446878,1,-0.6708853294318432,-0.8075606573110515,0.9640275800758169,-0.9999828044755988,-0.6018226796314325,-0.570322039844703,-0.5810192378024425,-0.6549966110275756,-0.9997946830105712,-0.2654848561891097,0.7902135340690539,-0.7902135340690539,-0.6549966110275756,0.992631520201128,-0.9995915157019419,-0.999133705865935,-0.9992377485103607,-0.8571682657397005
-0.9999629362572838,-0.2382016396957515,-0.3808488469212434,1,-0.6469861033229828,-0.7967807041866148,0.9640275800758169,-0.9999464491878617,-0.4715020366204608,-0.05594153467114708,0.09570617112325505,-0.6504048125697587,-0.9996985792838805,-0.28029297593793373,0.838470282263124,-0.7810275833073346,-0.6504048125697587,0.992631520201128,-0.9995782356127378,-0.9991873899502037,-0.9992734593735638,-0.8574301755601829
-0.9999351144275157,-0.14518808336244157,-0.3962502766432031,1,-0.6142490591333017,-0.7903075210889238,0.9640275800758169,-0.9999513508949064,-0.47770001216849795,-0.04796316994220894,0.15864850429749905,-0.5915193954318165,-0.9996837605732414,-0.22792531458279305,0.8311981165305461,-0.7582138378921368,-0.6315557874859378,0.992631520201128,-0.9995503664595334,-0.9989670840022151,-0.9991742890293737,-0.7836666218246
-0.9998623672480897,-0.12468583739208185,-0.30461601661893944,1,-0.6019848292949329,-0.7766820143746092,0.9640275800758169,-0.999952123068096,-0.3935553063167454,-0.05594153467114708,0.15084011534525332,-0.47770001216849795,-0.9995206562226959,-0.22792531458279305,0.8311981165305461,-0.7442768673618374,-0.5427177155648781,0.992631520201128,-0.999380849662089,-0.998863067516587,-0.9992498429462278,-0.7757833193650979
-0.9998968064717393,-0.117497897194303,-0.33289176744395743,1,-0.5802672206418289,-0.7051835279631211,0.9640275800758169,-0.999959849388807,-0.42025361660945937,-0.03997868031116338,0.22032722188562134,-0.4899541488540997,-0.9996347890556477,-0.1896749817802303,0.8210398813328772,-0.6858090622290944,-0.47770001216849795,0.992631520201128,-0.9992734593735638,-0.9985079423323266,-0.999284987397579,-0.6343949463118349
-0.9998509050743067,-0.4468958734813402,-0.37368517833922543,1,-0.5690065296882681,-0.531568535005942,0.9640275800758169,-0.9998358836418801,-0.3661761897243701,0.17420497908433885,0.525566632174222,-0.42025361660945937,-0.9983577274465666,-0.15864850429749905,0.838470282263124,-0.570322039844703,-0.40029485721907404,0.992631520201128,-0.9990615886214704,-0.9985316078982135,-0.998983470814186,-0.5011530772975378
-0.9995979981392296,0.740420865766209,0.20493630708642363,1,-0.4169968147502951,-0.45137094179066145,0.9640275800758169,-0.9967349711099608,0.16643709816806693,0.7220908068562372,0.7871899840051358,-0.17420497908433885,-0.9950547536867305,-0.1664370981680667,0.8999582887401897,-0.5020176692139926,-0.15864850429749905,0.992631520201128,-0.9978790980509081,-0.9980104525700998,-0.9988988536926733,-0.6121336046696167
-0.9992617455538517,0.8155085013675524,0.6249204657784463,1,-0.1728985221379306,-0.4251709106799833,0.9640275800758169,-0.9873386800093725,0.5594278338412256,0.7961470094824338,0.8210398813328772,0.11942729853438598,-0.9622921412084489,0.06391276159528168,0.9029560681673964,-0.42025361660945937,0.2949688803310316,0.992631520201128,-0.9912197693313781,-0.9933037430003747,-0.9965195530476662,-0.33499842448983497
-0.9994192227412357,0.8616545856288145,0.692670389845032,1,-0.0982828540972218,-0.4613837809865561,0.9640275800758169,-0.9757431300314515,0.6457649807626309,0.8236299617098691,0.8261861339474803,0.15084011534525332,-0.9368924668605889,0.06391276159528168,0.9100817159108457,-0.42025361660945937,0.3867731841129913,0.992631520201128,-0.9867202483651129,-0.9920202697020118,-0.9957165513758343,-0.27718922652223177
-0.9986003777155225,0.8636087818607416,0.7461022426824891,1,0.06999568165788639,-0.5658777574098257,0.9640275800758169,-0.9433898073781448,0.7143446147208264,0.8336546070121553,0.7615941559557649,0.3661761897243701,-0.9058684687536261,0.22032722188562134,0.9058684687536261,-0.4268185004117315,0.5648995528462248,0.992631520201128,-0.9729073213344082,-0.9841849266853127,-0.9907900277447623,-0.4835248741199657
-0.998863067516587,0.8587178575907239,0.757819702344656,1,0.2055684595844468,-0.528387292401878,0.9640275800758169,-0.9500213653021953,0.7478240863415949,0.8499575891648928,0.8336546070121553,0.37994896225522484,-0.8887614939769037,0.3381480525025349,0.8984266938134583,-0.37308312910762215,0.6267223717264531,0.992631520201128,-0.9640275800758169,-0.9768668084385301,-0.9836748576936802,-0.3772845991091056
-0.9980730498497001,0.847759022575119,0.7463334210660696,1,0.30187754422886437,-0.4916605834528669,0.9640275800758169,-0.8707081408185617,0.768232289952225,0.8707081408185617,0.8521631220116442,0.4652571273092523,-0.729660067724457,0.37308312910762237,0.9100817159108457,-0.2654848561891097,0.570322039844703,0.992631520201128,-0.9565785911862233,-0.9604746634418183,-0.9733316206045495,-0.05828737569348077
-0.9963487296218414,0.7873547892477039,0.8172678099895188,1,0.3814005307597646,-0.4680003766016744,0.9640275800758169,-0.8687596713316803,0.7931990970835009,0.8564849154724973,0.8261861339474803,0.5648995528462248,-0.6983128390373444,0.3867731841129913,0.9058684687536261,-0.22032722188562134,0.6315557874859378,0.992631520201128,-0.9459712407242431,-0.9579173059590634,-0.9715940772546178,-0.039985212058891516
-0.9982492807271415,0.812473353125764,0.8223168534952076,1,0.29354551591600153,-0.45103958085426477,0.9640275800758169,-0.8360785494251856,0.7990576087848079,0.8564849154724973,0.8184155517784407,0.47770001216849795,-0.6684854838291417,0.3022554772068099,0.9141148798516232,-0.23549574953849772,0.6119294488712019,0.992631520201128,-0.9468060128462683,-0.9672664589029607,-0.9786263655340416,-0.13603113279827725
-0.9986225781718535,0.7455430165897556,0.7934642808079049,1,0.23089721386771536,-0.47380017790632784,0.9640275800758169,-0.8920757302271087,0.7747092309184453,0.8287087387796533,0.7582138378921368,0.47770001216849795,-0.7023888548400592,0.2580330460894454,0.9086976584311126,-0.2580330460894452,0.6941910270242835,0.992631520201128,-0.9349071558148588,-0.974964230901635,-0.9828790114106056,-0.029023409314086486
-0.9980420011034257,0.8143893323223014,0.8150444559121903,1,0.028556816351031224,-0.46817804963449017,0.9640275800758169,-0.9656845451074689,0.771490747609057,0.7747092309184453,0.710404487737219,0.4899541488540997,-0.7902135340690539,-0.01599863480646233,0.9141148798516232,-0.3381480525025349,0.6900231791331363,0.992631520201128,-0.9484380834943785,-0.9929756400735559,-0.9928627506847839,-0.22937870952715858
-0.9987079162711104,0.7992260574209061,0.8235556989291268,1,0.014507485181423299,-0.46208787912282784,0.9640275800758169,-0.9523078197179699,0.7615941559557649,0.7902135340690539,0.7296600677244568,0.43981386041546483,-0.7990576087848079,-0.01599863480646233,0.9154204563159324,-0.3381480525025349,0.6941910270242835,0.992631520201128,-0.9484380834943785,-0.9941991883964316,-0.9913585329601762,-0.13553406822060965
-0.9992254591570309,0.7800315018068358,0.7661361077919977,1,0.03342864280262549,-0.42929455009762074,0.9640275800758169,-0.9515572389266042,0.7143446147208264,0.7961470094824338,0.7747092309184453,0.2949688803310316,-0.8687596713316803,0.0718758414488178,0.9100817159108457,-0.28029297593793373,0.570322039844703,0.992631520201128,-0.9724763655349214,-0.9944702988101569,-0.9893711303286653,-0.1073262939375234
-0.9966289794673341,0.7581912787060037,0.6852375822472361,1,0.09756002568982158,-0.26975581129019327,0.9640275800758169,-0.9682810005758157,0.6549966110275756,0.7615941559557649,0.771490747609057,0.4652571273092523,-0.9179749101612489,0.2430377138552222,0.8870686699008997,-0.11942729853438579,0.6018226796314325,0.992631520201128,-0.9753567192197162,-0.9928627506847839,-0.9828790114106056,-0.2368313123668795
-0.9987684340534805,0.7726204981899186,0.5723965018170133,1,0.167678658711872,-0.18557680414021624,0.9640275800758169,-0.9782853797333627,0.5483368586719491,0.7296600677244568,0.6549966110275756,0.3167225447224286,-0.9741606480651138,0.42025361660945937,0.8543387875301458,0.023995393061435753,0.6549966110275756,0.992631520201128,-0.9792925249378165,-0.9922706074502983,-0.9737493633257944,0.058554918752093794
-0.9991197398299567,0.7786988134265306,0.6303438519779827,1,0.2562679949514375,-0.14211597071111176,0.9640275800758169,-0.9910787874355478,0.5648995528462248,0.7023888548400592,0.6684854838291417,0.22792531458279325,-0.9667472877842368,0.48385079670054837,0.8499575891648928,0.0877735441105712,0.5483368586719491,0.992631520201128,-0.9851581062548683,-0.989704146549169,-0.9645884491633326,0.19291256938550908
-0.9981924031562599,0.742706913352927,0.6901974997475067,1,0.24394576689991063,-0.13751730829952954,0.9640275800758169,-0.9869296560947216,0.6363406086565132,0.7182399648128484,0.7023888548400592,0.33104373842411877,-0.9349071558148588,0.4268185004117315,0.8687596713316804,0.0877735441105712,0.4899541488540997,0.992631520201128,-0.9841849266853127,-0.990026781248601,-0.9645884491633326,0.0601989581739396
-0.9990764768469519,0.7484096611268451,0.7182605770565382,1,0.2489732974534655,-0.19831265508994234,0.9640275800758169,-0.9936165695564397,0.6595405395449498,0.6900231791331363,0.6457649807626309,0.2430377138552222,-0.8984266938134583,0.3935553063167454,0.8782355914938664,0.023995393061435753,0.42025361660945937,0.992631520201128,-0.9844340005346184,-0.990491966181376,-0.959215607483683,-0.11679631366522142
-0.99920028309195,0.7180311159044299,0.7289543204099931,1,0.21760553404776728,-0.19032192098959655,0.9640275800758169,-0.985622167960086,0.6858090622290944,0.7023888548400592,0.5756952716032101,0.28029297593793373,-0.8586018341569386,0.3452140341355212,0.8887614939769036,0,0.5197520709817561,0.992631520201128,-0.9761235550922067,-0.9890274022010992,-0.9656845451074689,0.017326909514466284
-0.9993399420362217,0.7615103246546229,0.7274356841615532,1,0.16464742231905266,-0.32409211863573933,0.9640275800758169,-0.959849969378919,0.6941910270242835,0.7547922623900605,0.6595405395449498,0.20505137981563515,-0.8311981165305461,0.19737532022490417,0.9072933309930383,-0.11942729853438579,0.37308312910762237,0.992631520201128,-0.9826052740532575,-0.9927480536378183,-0.9768668084385301,-0.25100560775834235
-0.9995129269205365,0.7860438951531952,0.7660803809912113,1,0.13448153585340142,-0.38804932288707594,0.9640275800758169,-0.9141148798516231,0.7296600677244568,0.7871899840051358,0.6983128390373444,0.14301285893511154,-0.7714907476090569,0.1819512393367481,0.9167070497821652,-0.20505137981563515,0.2430377138552222,0.992631520201128,-0.9849205308832533,-0.9895389565408912,-0.9808693626558167,-0.20940567756747194
-0.9997389982195054,0.7998567144109091,0.7168500340400635,1,0.03202731804908373,-0.5028582426531332,0.9640275800758169,-0.924041787754324,0.7023888548400592,0.7871899840051358,0.6941910270242835,0.06391276159528168,-0.7902135340690539,0.031989081805404065,0.9228639315793395,-0.3592286658102706,0.3167225447224286,0.992631520201128,-0.9831484776318999,-0.9921464320417762,-0.9914951129218159,-0.39799593730068716
-0.9995206562226959,0.801616682513913,0.7451141292325668,1,-0.10318649629651039,-0.6599972386279486,0.9640275800758169,-0.919224284865496,0.7143446147208264,0.7747092309184453,0.6363406086565132,0.19737532022490417,-0.8311981165305461,-0.09570617112325505,0.9240417877543239,-0.5594278338412256,0.47770001216849795,0.992631520201128,-0.9772298137403737,-0.9929756400735559,-0.9968376354412155,-0.4615453038340977
-0.9989335140612631,0.7358959408086588,0.7682566033393043,1,-0.12060365727114217,-0.6222753514963425,0.9640275800758169,-0.9044228044017684,0.6983128390373444,0.7902135340690539,0.6640367702678489,0.28029297593793373,-0.9127900679807315,-0.11153402858525477,0.9228639315793395,-0.5539069192039144,0.45896555750337875,0.992631520201128,-0.9814662686266931,-0.993914826524597,-0.997471471796836,-0.3787541940190619
-0.998554898375357,0.6896524213168168,0.6717368031100599,1,-0.193882296043581,-0.5964753780140605,0.9640275800758169,-0.9702181381447781,0.5862939408069978,0.7442768673618372,0.7023888548400592,0.2949688803310316,-0.970683926989029,-0.023995393061435975,0.8984266938134583,-0.5539069192039144,0.525566632174222,0.992631520201128,-0.9846791819732784,-0.9944702988101569,-0.9978102071216368,-0.5132893669024754
