-0.9906421780272986,0.5254478754452612,0.6306279938721002,1,-0.019224931666550343,0.29064725929716406,0.9640275800758169,-0.9651407285924826,0.6595405395449498,0.6169093028770648,0.5197520709817561,0.7442768673618372,-0.9114457657992528,0.2949688803310316,0.8521631220116442,0.07982976911113145,0.9204554188085782,0.992631520201128,-0.8287087387796532,-0.9662200237312486,-0.9948943571252474,-0.34394887195621265
-0.9986870903393928,0.44373559241139376,0.4609623891646182,1,-0.13023040749193782,0.03606401088611063,0.9640275800758169,-0.9823271990787845,0.525566632174222,0.6069005989451324,0.4715020366204608,0.4960098430228166,-0.9406887952653944,0.1819512393367481,0.8647805949609728,-0.13516767202007474,0.8627493494598499,0.992631520201128,-0.9204554188085782,-0.9841849266853127,-0.9965747024546011,-0.4132182410176553
-0.9991609769837921,0.178791558117043,0.3013274414218876,1,-0.26126189731357286,-0.15276162897954204,0.9640275800758169,-0.9990464604956378,0.2580330460894454,0.22032722188562134,0.19737532022490417,0.22032722188562134,-0.990491966181376,0.11942729853438598,0.8184155517784407,-0.3022554772068099,0.6595405395449498,0.992631520201128,-0.9851581062548683,-0.9944702988101569,-0.9979783962209064,-0.47285303737740036
-0.9991055487400573,-0.16748816874357184,-0.0028561003559271145,1,-0.324635056123075,-0.1899706137069944,0.9640275800758169,-0.9994284385983162,0.03997868031116361,-0.023995393061435975,-0.10362666046634028,0.21270229740018198,-0.9947287719279225,0.09570617112325505,0.7931990970835009,-0.3167225447224284,0.6504048125697584,0.992631520201128,-0.9869296560947216,-0.995577572305957,-0.9981036067112925,-0.47230981744075856
-0.99914745041401,-0.18896817560011742,0.13203469313510688,1,-0.24403516900177416,-0.1180496903228073,0.9640275800758169,-0.9996288997761786,0.1819512393367481,-0.14301285893511154,-0.37308312910762215,0.22792531458279325,-0.9860718216444758,0.1819512393367481,0.7990576087848079,-0.22032722188562134,0.6640367702678489,0.992631520201128,-0.9841849266853127,-0.993914826524597,-0.9969370765859934,-0.3171855122274614
-0.9991609769837921,-0.04621406283679003,0.15428336875998863,1,-0.07835027965568325,-0.09922344012688347,0.9640275800758169,-0.9997551770442933,0.19737532022490417,-0.031989081805404065,-0.05594153467114708,0.27290508056313295,-0.9879284865816154,0.45262761660337403,0.7478240863415949,-0.15864850429749905,0.7478240863415949,0.992631520201128,-0.9779390146448362,-0.9865075083729532,-0.9907900277447623,-0.22875185853504484
-0.9988261190078384,0.025208948561138096,0.09771103117844596,1,0.08057893642115295,-0.06469084045431497,0.9640275800758169,-0.9999148329046804,0.15864850429749905,-0.05594153467114708,0.07982976911113145,0.33104373842411877,-0.9906421780272986,0.5594278338412256,0.7064193203972353,-0.06391276159528168,0.771490747609057,0.992631520201128,-0.9757431300314515,-0.9799381324389331,-0.9858487679265774,-0.10289930867962328
-0.9981036067112925,0.13428698827444627,0.25928045852168435,1,0.16432164157658527,-0.012446838037534942,0.9640275800758169,-0.9998917326530088,0.30950692121263834,0.023995393061435753,0.1819512393367481,0.42025361660945937,-0.9851581062548683,0.5810192378024425,0.7182399648128484,-0.023995393061435975,0.7931990970835009,0.992631520201128,-0.970683926989029,-0.974964230901635,-0.9839318996392786,0.026905145252517772
-0.9983043701156257,0.12666189666616884,0.09882745389221964,1,0.06486789717458456,-0.05369172875677019,0.9640275800758169,-0.9998864093789611,0.12730550045073633,-0.007999829337702071,0.19737532022490417,0.37308312910762237,-0.994812223417242,0.5648995528462248,0.6900231791331363,-0.07982976911113145,0.771490747609057,0.992631520201128,-0.9775871873563142,-0.9805638091625565,-0.9862913838283119,-0.1602254150587931
-0.9982210690424144,-0.04037711064889217,0.02014206657489962,1,-0.08658363645291536,-0.051500917626149396,0.9640275800758169,-0.9999274249317489,0.031989081805404065,-0.11153402858525477,0.13516767202007496,0.3022554772068099,-0.9959168905509964,0.43981386041546483,0.7143446147208264,-0.14301285893511154,0.6457649807626309,0.992631520201128,-0.9871357830661628,-0.9884909771072654,-0.9922706074502983,-0.1427323687826958
-0.9996229155459074,-0.3311511156641161,-0.3283416396287169,1,-0.3868558044362299,-0.07426894587485178,0.9640275800758169,-0.9999419892271137,-0.22792531458279305,-0.19737532022490398,0.09570617112325505,-0.04796316994220894,-0.9970333954309333,0.16643709816806693,0.7582138378921368,-0.23549574953849772,0.3661761897243701,0.992631520201128,-0.9945578311545502,-0.9952101234014172,-0.997471471796836,-0.5990330006137529
-0.9998556002440963,-0.5193107947650382,-0.6507990644396473,1,-0.5667743049685473,-0.10726309167883338,0.9640275800758169,-0.9999930921787469,-0.6018226796314325,-0.47770001216849795,-0.20505137981563515,-0.37994896225522484,-0.9996985792838805,-0.01599863480646233,0.733379049133259,-0.3167225447224284,-0.21270229740018173,0.992631520201128,-0.9986225781718535,-0.9977026572523084,-0.9986659289573255,-0.6190049958855878
-0.9998278146277448,-0.6139729267818782,-0.7185018327468151,1,-0.5944606324327792,-0.12247090783820648,0.9640275800758169,-0.9999959905433483,-0.681548449948351,-0.6363406086565133,-0.352241095668522,-0.30950692121263834,-0.9998899865390827,-0.04796316994220894,0.6772411229382407,-0.33104373842411877,-0.04796316994220894,0.992631520201128,-0.9980730498497001,-0.9975510062831346,-0.999015469033287,-0.6374893244137544
-0.9995503664595334,-0.6062266070730307,-0.6935723882241448,1,-0.6118646810766155,-0.14054481501047272,0.9640275800758169,-0.9999995931629185,-0.6640367702678491,-0.7406871544621987,-0.3935553063167454,-0.13516767202007474,-0.9999134593308306,-0.07982976911113145,0.6410769611853465,-0.352241095668522,0.07982976911113145,0.992631520201128,-0.997471471796836,-0.9978102071216368,-0.9991055487400573,-0.59514268640355
-0.9996574264301669,-0.5631743501749085,-0.6580971938250066,1,-0.6233787357279227,-0.14363723494772518,0.9640275800758169,-0.999998489173302,-0.6549966110275756,-0.6595405395449498,-0.352241095668522,-0.24303771385522202,-0.9998934510544042,-0.12730550045073633,0.6858090622290944,-0.3592286658102706,-0.14301285893511154,0.992631520201128,-0.9984346343009073,-0.9982492807271415,-0.999133705865935,-0.46835013822842736
-0.9996786608665135,-0.4802916457565694,-0.594050604847918,1,-0.6231763088001576,-0.14564254035140797,0.9640275800758169,-0.9999981693761265,-0.5862939408069981,-0.5313325040915584,-0.10362666046634028,-0.24303771385522202,-0.9998358836418801,-0.13516767202007474,0.7182399648128484,-0.352241095668522,-0.12730550045073633,0.992631520201128,-0.9983577274465666,-0.9985079423323266,-0.9989995977858409,-0.4834824918768901
-0.9996462887624,-0.5094401324230295,-0.5512565240970843,1,-0.6088643112793459,-0.07947657377362165,0.9640275800758169,-0.9999912184463285,-0.5594278338412256,-0.42025361660945937,-0.07982976911113145,-0.2876478137415113,-0.9997347891621152,-0.11942729853438579,0.7547922623900605,-0.3381480525025349,-0.3167225447224284,0.992631520201128,-0.9989163223652454,-0.998554898375357,-0.9988447408823581,-0.33255096481530827
-0.9998410518161654,-0.514898613362461,-0.5497398111794745,1,-0.6086263442595463,-0.07235040213786736,0.9640275800758169,-0.99999490298441,-0.570322039844703,-0.47770001216849795,-0.14301285893511154,-0.4268185004117315,-0.9997305122363119,-0.13516767202007474,0.7547922623900605,-0.33104373842411877,-0.4268185004117315,0.992631520201128,-0.9991742890293737,-0.9987284120632095,-0.998787970459051,-0.33461686944578894
-0.999912063604973,-0.4064195620247723,-0.5452962685354493,1,-0.5789617486321565,-0.07109927374760348,0.9640275800758169,-0.999993724490978,-0.5427177155648781,-0.4652571273092523,-0.17420497908433885,-0.42025361660945937,-0.9997389982195054,-0.08777354411057144,0.7406871544621987,-0.32390169581315553,-0.15864850429749905,0.992631520201128,-0.9984346343009073,-0.9984594617111155,-0.9986444267289766,-0.19133068285170277
-0.999816435527956,-0.534959000446772,-0.6604844267666891,1,-0.6251333798072812,-0.09262838352086689,0.9640275800758169,-0.9999943894153307,-0.6218402454256216,-0.5020176692139926,-0.20505137981563515,-0.33104373842411877,-0.999819348924892,-0.12730550045073633,0.733379049133259,-0.3381480525025349,-0.15084011534525313,0.992631520201128,-0.9984346343009073,-0.9984838956460685,-0.9989995977858409,-0.11908865185532445
-0.9998384883979401,-0.43691814030718895,-0.5956779999101495,1,-0.6225795462930946,-0.11180056724156472,0.9640275800758169,-0.9999979193991999,-0.6267223717264533,-0.6018226796314325,-0.3661761897243701,-0.352241095668522,-0.9998708992398301,-0.1664370981680667,0.7220908068562372,-0.37308312910762215,-0.1664370981680667,0.992631520201128,-0.9984838956460685,-0.9985316078982135,-0.99920028309195,-0.29596741932078185
-0.9997946830105712,-0.4152727769589391,-0.5826806560308284,1,-0.6379453914896253,-0.11254248502542089,0.9640275800758169,-0.9999980483859215,-0.616909302877065,-0.5915193954318165,-0.3022554772068099,-0.2949688803310316,-0.9998509050743067,-0.1896749817802303,0.7220908068562372,-0.3592286658102706,-0.09570617112325505,0.992631520201128,-0.9982492807271415,-0.9984594617111155,-0.999329299739067,-0.3493941003356148
-0.9997946830105712,-0.5183261139364377,-0.624722885899891,1,-0.6748870338823514,-0.13267102496885122,0.9640275800758169,-0.9999930921787469,-0.6267223717264533,-0.564899552846225,-0.40699138190362216,-0.352241095668522,-0.9998864093789611,-0.22792531458279305,0.7406871544621987,-0.37994896225522484,-0.27290508056313273,0.992631520201128,-0.9988071971423736,-0.9986003777155225,-0.9994375082579919,-0.32162626070149297
-0.9998601475679573,-0.5575802245063253,-0.5923934051747065,1,-0.6267962655506626,-0.14008865738956183,0.9640275800758169,-0.9999875134571145,-0.5810192378024425,-0.6018226796314325,-0.4652571273092523,-0.34521403413552104,-0.9997946830105712,-0.17420497908433885,0.7296600677244568,-0.3661761897243701,-0.07982976911113145,0.992631520201128,-0.998163275769503,-0.998163275769503,-0.9994098583315179,-0.4846416317578302
-0.9998808243865033,-0.6966898339466122,-0.6545808131002914,1,-0.6629762206323984,-0.1174035748115326,0.9640275800758169,-0.9999875134571145,-0.616909302877065,-0.6069005989451325,-0.5862939408069981,-0.3592286658102706,-0.9998074104117267,-0.19737532022490398,0.7370546472300755,-0.3935553063167454,-0.06391276159528168,0.992631520201128,-0.9981036067112925,-0.9984346343009073,-0.999390674243143,-0.5319256570103189
-0.9998509050743067,-0.700524167868973,-0.6500707287299513,1,-0.6619455901161255,-0.10560548415644039,0.9640275800758169,-0.9999851105889311,-0.6315557874859378,-0.6218402454256216,-0.570322039844703,-0.37994896225522484,-0.9998278146277448,-0.21270229740018173,0.7442768673618372,-0.40029485721907404,-0.22792531458279305,0.992631520201128,-0.9986870903393928,-0.9985079423323266,-0.9994098583315179,-0.5301048822714951
-0.9998460572524418,-0.6419134285813256,-0.5834907285210342,1,-0.6361821728191519,-0.12120124789304794,0.9640275800758169,-0.9999906380550984,-0.564899552846225,-0.570322039844703,-0.3867731841129913,-0.37308312910762215,-0.9996628630741972,-0.20505137981563515,0.7582138378921368,-0.40699138190362216,-0.23549574953849772,0.992631520201128,-0.9986870903393928,-0.9985079423323266,-0.999380849662089,-0.4798789174712787
-0.9998384883979401,-0.5654348693822288,-0.5503659963981118,1,-0.6421849799908942,-0.1337634725358268,0.9640275800758169,-0.9999920222712779,-0.5427177155648781,-0.5483368586719491,-0.28029297593793373,-0.3935553063167454,-0.9994552182201533,-0.23549574953849772,0.7747092309184453,-0.40699138190362216,-0.3381480525025349,0.992631520201128,-0.9989504331677058,-0.9988447408823581,-0.9993074977913372,-0.5169143042540306
-0.9998623672480897,-0.5212828311840688,-0.5035871576982865,1,-0.6344482656310734,-0.13913642038934276,0.9640275800758169,-0.9999860336515314,-0.5020176692139926,-0.5539069192039144,-0.2580330460894452,-0.4136444421871351,-0.9993708667223576,-0.2505504079981747,0.7778880665771849,-0.3935553063167454,-0.32390169581315553,0.992631520201128,-0.9989163223652454,-0.9988811035861201,-0.9993607228730462,-0.5800608170767305
-0.9998729482847013,-0.4656361128092556,-0.47855224406944286,1,-0.6181910225026415,-0.14800516842143244,0.9640275800758169,-0.9999879066986501,-0.4899541488540997,-0.4715020366204608,-0.22032722188562134,-0.4268185004117315,-0.999380849662089,-0.24303771385522202,0.7871899840051358,-0.37994896225522484,-0.3381480525025349,0.992631520201128,-0.9989504331677058,-0.998983470814186,-0.9992498429462278,-0.5832107349407997
-0.9999106453698876,-0.5186603962082587,-0.4634870818559918,1,-0.6204337444377018,-0.15614103862044376,0.9640275800758169,-0.9999848704441208,-0.5020176692139926,-0.4960098430228166,-0.33104373842411877,-0.5020176692139926,-0.9994807434502514,-0.23549574953849772,0.7902135340690539,-0.37994896225522484,-0.45262761660337403,0.992631520201128,-0.999212971747347,-0.9990615886214704,-0.999133705865935,-0.4660371032701791
-0.9999106453698876,-0.49281769583586127,-0.560002848547354,1,-0.6590474961281773,-0.16357222182019762,0.9640275800758169,-0.9999938240998166,-0.5594278338412256,-0.5020176692139926,-0.21270229740018173,-0.48385079670054837,-0.9995915157019419,-0.22792531458279305,0.7747092309184453,-0.40029485721907404,-0.3867731841129913,0.992631520201128,-0.9990764768469519,-0.998983470814186,-0.9991873899502037,-0.3644491861841455
-0.9999646732638597,-0.46729826394012025,-0.5368438767710573,1,-0.6403504681492895,-0.12772510740450926,0.9640275800758169,-0.9999900193047906,-0.5594278338412256,-0.48385079670054837,-0.3167225447224284,-0.570322039844703,-0.9997347891621152,-0.21270229740018173,0.771490747609057,-0.40029485721907404,-0.3167225447224284,0.992631520201128,-0.9989163223652454,-0.9989670840022151,-0.9991197398299567,-0.4855937239008043
-0.9999077399142638,-0.4124223456461181,-0.48485868278667166,1,-0.589311877577782,-0.14984288007627342,0.9640275800758169,-0.9999801411885765,-0.5079774328978962,-0.45896555750337875,-0.40029485721907404,-0.43333870550299125,-0.9997033629288277,-0.15084011534525313,0.768232289952225,-0.3935553063167454,-0.22032722188562134,0.992631520201128,-0.9986444267289766,-0.9984838956460685,-0.9991197398299567,-0.5543061972311848
-0.9999062519501156,-0.45847437972214267,-0.4831964498489648,1,-0.5922885336158918,-0.16498257137061245,0.9640275800758169,-0.9999838705035449,-0.5020176692139926,-0.48385079670054837,-0.33104373842411877,-0.4268185004117315,-0.9996734789348639,-0.14301285893511154,0.7615941559557649,-0.40029485721907404,-0.20505137981563515,0.992631520201128,-0.9986003777155225,-0.9984346343009073,-0.9990911289729081,-0.5865873460810336
-0.9998917326530088,-0.49618013426751945,-0.4594423929220872,1,-0.5825378175025568,-0.09358637859832199,0.9640275800758169,-0.9999798208952861,-0.4715020366204608,-0.5020176692139926,-0.4462436102487797,-0.3661761897243701,-0.9995357488923946,-0.15084011534525313,0.76493353344588,-0.37994896225522484,-0.05594153467114708,0.992631520201128,-0.9980420011034257,-0.9984838956460685,-0.9990911289729081,-0.5874708954348208
-0.9999175149969857,-0.5922509403996696,-0.5323563224032476,1,-0.6057115659320138,-0.1183314455151112,0.9640275800758169,-0.9999755496259771,-0.5138889548493343,-0.48385079670054837,-0.3867731841129913,-0.43981386041546483,-0.9996229155459074,-0.15864850429749905,0.768232289952225,-0.3867731841129913,-0.1896749817802303,0.992631520201128,-0.9985316078982135,-0.9985079423323266,-0.999133705865935,-0.3863740878922607
-0.999937157831759,-0.5803147629802843,-0.5439741585061084,1,-0.6339598631411368,-0.12177900203719232,0.9640275800758169,-0.9999781402551956,-0.525566632174222,-0.5020176692139926,-0.42025361660945937,-0.47770001216849795,-0.9996106560872084,-0.27290508056313273,0.7841281116903962,-0.40699138190362216,-0.21270229740018173,0.992631520201128,-0.9986225781718535,-0.9991742890293737,-0.9992377485103607,-0.5808095508918767
-0.9999617310598946,-0.5936006584016423,-0.544010902848644,1,-0.664743193408634,-0.14023532400463154,0.9640275800758169,-0.9999882875558131,-0.5539069192039144,-0.5756952716032103,-0.45896555750337875,-0.5483368586719491,-0.9996985792838805,-0.2580330460894452,0.768232289952225,-0.42025361660945937,-0.27290508056313273,0.992631520201128,-0.998787970459051,-0.9989335140612631,-0.999390674243143,-0.4982842616479989
-0.9999604866740172,-0.5159623884671068,-0.5458505132447748,1,-0.675377725978862,-0.16484621533103175,0.9640275800758169,-0.9999816679925603,-0.5915193954318165,-0.5370495669980354,-0.4652571273092523,-0.6457649807626309,-0.9998043044987812,-0.2876478137415113,0.7931990970835009,-0.4268185004117315,-0.6549966110275756,0.992631520201128,-0.9995915157019419,-0.9989670840022151,-0.9994970925017165,-0.5752274297142626
-0.9999536308413634,-0.5819483451568008,-0.6066355447953213,1,-0.6792522673879975,-0.16017252100997256,0.9640275800758169,-0.9999843784725498,-0.616909302877065,-0.5370495669980354,-0.40699138190362216,-0.6018226796314325,-0.99977035310078,-0.27290508056313273,0.7841281116903962,-0.4268185004117315,-0.5594278338412256,0.992631520201128,-0.9994375082579919,-0.9989504331677058,-0.9994464340381963,-0.7861542338772126
-0.9999419892271137,-0.5786800496931661,-0.5600790515326433,1,-0.6741406637351381,-0.13769285245576457,0.9640275800758169,-0.9999848704441208,-0.5756952716032103,-0.4960098430228166,-0.3592286658102706,-0.5966956287055879,-0.9996574264301669,-0.2876478137415113,0.7990576087848079,-0.42025361660945937,-0.6119294488712019,0.992631520201128,-0.9995206562226959,-0.9987684340534805,-0.9995645238732553,-0.8098411421291767
-0.9999032036449458,-0.6203437143266813,-0.5743466859581562,1,-0.6720110419231479,-0.1481947248450444,0.9640275800758169,-0.999977065409544,-0.570322039844703,-0.5539069192039144,-0.4960098430228166,-0.5079774328978962,-0.9996574264301669,-0.2654848561891097,0.7902135340690539,-0.4268185004117315,-0.5079774328978962,0.992631520201128,-0.9993399420362217,-0.9988447408823581,-0.9994464340381963,-0.7574756588509496
-0.9998708992398301,-0.651738040892962,-0.526453615010214,1,-0.6450326463574226,-0.14875876797144447,0.9640275800758169,-0.9999641035002725,-0.5313325040915584,-0.28029297593793373,-0.03997868031116338,-0.4268185004117315,-0.9995206562226959,-0.22792531458279305,0.8019312334505896,-0.4136444421871351,-0.34521403413552104,0.992631520201128,-0.9989670840022151,-0.9987079162711104,-0.9993504155222135,-0.727384309356679
-0.9998623672480897,-0.44765708085242206,-0.4497128514921887,1,-0.6200992457860922,-0.11010876626876408,0.9640275800758169,-0.999959849388807,-0.45262761660337403,-0.4462436102487797,-0.3167225447224284,-0.352241095668522,-0.9993607228730462,-0.22792531458279305,0.7871899840051358,-0.40699138190362216,-0.11942729853438579,0.992631520201128,-0.9982770453945787,-0.9987079162711104,-0.9993504155222135,-0.6938347827631813
-0.9998623672480897,-0.618996407250411,-0.5080587836869032,1,-0.617187446523448,-0.13830904088587395,0.9640275800758169,-0.9999673892681182,-0.5020176692139926,-0.5427177155648781,-0.45896555750337875,-0.352241095668522,-0.9994464340381963,-0.22792531458279305,0.7747092309184453,-0.40699138190362216,-0.11942729853438579,0.992631520201128,-0.9982770453945787,-0.9988261190078384,-0.9992734593735638,-0.7064920859247441
-0.9998460572524418,-0.5031840780383106,-0.5138346817327505,1,-0.6378652716300534,-0.10735092440067713,0.9640275800758169,-0.9999455855071585,-0.4899541488540997,-0.43333870550299125,-0.30950692121263834,-0.34521403413552104,-0.999380849662089,-0.22792531458279305,0.7871899840051358,-0.40029485721907404,-0.13516767202007474,0.992631520201128,-0.9983312618497168,-0.998863067516587,-0.9992734593735638,-0.622260068680207
-0.9998556002440963,-0.5371354738883852,-0.49205279806787106,1,-0.6413431755991,-0.14363988356638344,0.9640275800758169,-0.99995288298541,-0.4715020366204608,-0.4715020366204608,-0.4268185004117315,-0.3167225447224284,-0.9991609769837921,-0.23549574953849772,0.7902135340690539,-0.4136444421871351,-0.007999829337702071,0.992631520201128,-0.9978102071216368,-0.9987684340534805,-0.9993504155222135,-0.7436668532226628
-0.999944707897185,-0.5199399951186714,-0.5565011664930585,1,-0.6602015199672492,-0.17796317038267165,0.9640275800758169,-0.9999828044755988,-0.570322039844703,-0.5138889548493343,-0.37308312910762215,-0.5370495669980354,-0.9997127037021034,-0.24303771385522202,0.7747092309184453,-0.43333870550299125,-0.3867731841129913,0.992631520201128,-0.9990764768469519,-0.9987284120632095,-0.9994192227412357,-0.7322123861045381
-0.9999472991603658,-0.47313657778722484,-0.5006344798345581,1,-0.671463333117372,-0.1604902673793859,0.9640275800758169,-0.9999828044755988,-0.5427177155648781,-0.5138889548493343,-0.45262761660337403,-0.570322039844703,-0.9996985792838805,-0.2505504079981747,0.7871899840051358,-0.4268185004117315,-0.4899541488540997,0.992631520201128,-0.9993074977913372,-0.998863067516587,-0.999390674243143,-0.6502465471201215
-0.9999841265198478,-0.5728958200604504,-0.5790066552007543,1,-0.6813765181565898,-0.16011083169201729,0.9640275800758169,-0.9999798208952861,-0.5810192378024425,-0.5539069192039144,-0.4268185004117315,-0.6728868690993063,-0.9997033629288277,-0.24303771385522202,0.7747092309184453,-0.4136444421871351,-0.45262761660337403,0.992631520201128,-0.9992377485103607,-0.9988447408823581,-0.9993708667223576,-0.7387368682372754
-0.9999807666044095,-0.676232812333648,-0.6162424845124369,1,-0.6845366364812374,-0.12092187197637819,0.9640275800758169,-0.9999774294388498,-0.6363406086565133,-0.5756952716032103,-0.4960098430228166,-0.6858090622290944,-0.9997880073219518,-0.2505504079981747,0.7747092309184453,-0.4136444421871351,-0.5810192378024425,0.992631520201128,-0.9994723707341434,-0.998983470814186,-0.9993074977913372,-0.6038528692249351
-0.9999429099872612,-0.5954821806662335,-0.5993221489492644,1,-0.6719295628659219,-0.144061132220851,0.9640275800758169,-0.9999813723241333,-0.6069005989451325,-0.4960098430228166,-0.3867731841129913,-0.5539069192039144,-0.9997551770442933,-0.28029297593793373,0.7841281116903962,-0.40699138190362216,-0.4462436102487797,0.992631520201128,-0.9992254591570309,-0.9992498429462278,-0.9992377485103607,-0.5277651569467446
-0.9999175149969857,-0.4803760145883785,-0.542233841939413,1,-0.6611173355259891,-0.10703971325317757,0.9640275800758169,-0.9999743474004839,-0.5483368586719491,-0.45896555750337875,-0.3935553063167454,-0.4715020366204608,-0.9996937185084721,-0.2949688803310316,0.7902135340690539,-0.40699138190362216,-0.3022554772068099,0.992631520201128,-0.9988811035861201,-0.9992963325707543,-0.9992498429462278,-0.7105790882452652
-0.9999077399142638,-0.48217088534318137,-0.5588974313476958,1,-0.6591307719440243,-0.08995060749548224,0.9640275800758169,-0.9999838705035449,-0.5483368586719491,-0.47770001216849795,-0.28029297593793373,-0.4715020366204608,-0.9996347890556477,-0.2654848561891097,0.7841281116903962,-0.40699138190362216,-0.352241095668522,0.992631520201128,-0.999015469033287,-0.99914745041401,-0.9992617455538517,-0.5710962459213919
-0.9998749648098385,-0.46291000331863846,-0.5271862590206436,1,-0.6380326619762107,-0.1354077847937196,0.9640275800758169,-0.9999933097289208,-0.5539069192039144,-0.5197520709817566,-0.22032722188562134,-0.43333870550299125,-0.9996229155459074,-0.2580330460894452,0.771490747609057,-0.42025361660945937,-0.352241095668522,0.992631520201128,-0.9989995977858409,-0.9990615886214704,-0.9992498429462278,-0.5608181694375316
-0.9998934510544042,-0.489177755518109,-0.5603660643963088,1,-0.6425082994091222,-0.1181862585514005,0.9640275800758169,-0.9999864734966057,-0.5539069192039144,-0.5079774328978962,-0.3592286658102706,-0.43981386041546483,-0.9996985792838805,-0.2505504079981747,0.7747092309184453,-0.42025361660945937,-0.3022554772068099,0.992631520201128,-0.9988811035861201,-0.9989163223652454,-0.9993708667223576,-0.7008445712598335
-0.9998984443464138,-0.49459492497025836,-0.5626696282754096,1,-0.6505951921009783,-0.1291888579238547,0.9640275800758169,-0.9999920222712779,-0.5756952716032103,-0.570322039844703,-0.3381480525025349,-0.4462436102487797,-0.9997946830105712,-0.2505504079981747,0.7547922623900605,-0.4268185004117315,-0.2876478137415113,0.992631520201128,-0.9988447408823581,-0.9988988536926733,-0.9993708667223576,-0.711751517192744
-0.9999134593308306,-0.5219126217701504,-0.5930655988764441,1,-0.6362196704428382,-0.13309399611343678,0.9640275800758169,-0.9999933097289208,-0.5862939408069981,-0.48385079670054837,-0.17420497908433885,-0.4652571273092523,-0.9997845885270026,-0.24303771385522202,0.7615941559557649,-0.43333870550299125,-0.2876478137415113,0.992631520201128,-0.9988447408823581,-0.9989995977858409,-0.9992617455538517,-0.8023394741266597
-0.9999134593308306,-0.5826084295877572,-0.6180956647938436,1,-0.6565752095819126,-0.1200048499223642,0.9640275800758169,-0.9999813723241333,-0.6069005989451325,-0.48385079670054837,-0.32390169581315553,-0.45896555750337875,-0.9998305474394893,-0.24303771385522202,0.76493353344588,-0.42025361660945937,-0.2876478137415113,0.992631520201128,-0.9988447408823581,-0.9989670840022151,-0.9993074977913372,-0.750628283369537
-0.9995050730161037,-0.6390628154644933,-0.6243296617034436,1,-0.6614252072989774,-0.15897083125093806,0.9640275800758169,-0.9999903336294768,-0.5862939408069981,-0.6315557874859378,-0.5079774328978962,-0.12730550045073633,-0.9997775846622567,-0.22792531458279305,0.7370546472300755,-0.43333870550299125,0.04796316994220894,0.992631520201128,-0.9975898315324421,-0.9988811035861201,-0.999284987397579,-0.7208754764860635
-0.9996229155459074,-0.6397036325120801,-0.6119025556760695,1,-0.6482277758614154,-0.12613367470242104,0.9640275800758169,-0.9999888364706524,-0.5915193954318165,-0.5915193954318165,-0.4268185004117315,-0.21270229740018173,-0.99977035310078,-0.24303771385522202,0.7478240863415949,-0.40699138190362216,-0.11153402858525477,0.992631520201128,-0.9982770453945787,-0.9987284120632095,-0.9994192227412357,-0.5797653539635724
-0.9996168348345574,-0.4781530553299505,-0.5537937079055386,1,-0.6248391369630067,-0.11405108402220769,0.9640275800758169,-0.9999900193047906,-0.564899552846225,-0.4899541488540997,-0.30950692121263834,-0.21270229740018173,-0.9997347891621152,-0.1896749817802303,0.7547922623900605,-0.40699138190362216,-0.11153402858525477,0.992631520201128,-0.9983043701156257,-0.9982770453945787,-0.9994003429760324,-0.6969681011704599
-0.9995849287545152,-0.36147546567225103,-0.5055534380251717,1,-0.5943455479790714,-0.11563252035562206,0.9640275800758169,-0.9999949838875042,-0.5138889548493343,-0.5197520709817566,-0.28029297593793373,-0.19737532022490398,-0.9996462887624,-0.11942729853438579,0.7442768673618372,-0.40699138190362216,-0.10362666046634028,0.992631520201128,-0.9982492807271415,-0.9978102071216368,-0.9992617455538517,-0.5717824350209093
-0.9999062519501156,-0.3588848486970942,-0.5432754510266629,1,-0.5732113983441616,-0.0966813262105786,0.9640275800758169,-0.9999866881970358,-0.5594278338412256,-0.45896555750337875,-0.32390169581315553,-0.48385079670054837,-0.9997080706668544,-0.05594153467114708,0.7547922623900605,-0.3867731841129913,-0.3935553063167454,0.992631520201128,-0.9991055487400573,-0.997126689723873,-0.9991873899502037,-0.5278246011583299
-0.9998827159119441,-0.3985864943471214,-0.5169233496735389,1,-0.5734947543102342,-0.10376675217550622,0.9640275800758169,-0.9999694109395356,-0.5313325040915584,-0.570322039844703,-0.7258974148490805,-0.43981386041546483,-0.9997347891621152,-0.07982976911113145,0.76493353344588,-0.3867731841129913,-0.34521403413552104,0.992631520201128,-0.998983470814186,-0.9978449275502639,-0.9990464604956378,-0.41635703657683165
-0.9999558039402028,-0.45962933431964675,-0.5425523282536892,1,-0.6584770979051915,-0.11605467013527007,0.9640275800758169,-0.9999755496259771,-0.564899552846225,-0.4136444421871351,-0.23549574953849772,-0.5539069192039144,-0.9998011485014253,-0.21270229740018173,0.7747092309184453,-0.40029485721907404,-0.3381480525025349,0.992631520201128,-0.998983470814186,-0.9988071971423736,-0.9992617455538517,-0.43761141283507005
-0.999969896462594,-0.505394748263406,-0.5647018233363829,1,-0.6389270182640301,-0.08598949612817422,0.9640275800758169,-0.9999875134571145,-0.5810192378024425,-0.5020176692139926,-0.2949688803310316,-0.5756952716032103,-0.9998074104117267,-0.15084011534525313,0.7478240863415949,-0.3935553063167454,-0.2654848561891097,0.992631520201128,-0.998787970459051,-0.9984094070890821,-0.9991873899502037,-0.5786345039404095
-0.9999513508949064,-0.3848338047563801,-0.5211420657495722,1,-0.6364819534303837,-0.08384146214703653,0.9640275800758169,-0.9999851105889311,-0.5483368586719491,-0.42025361660945937,-0.15084011534525313,-0.5079774328978962,-0.9998011485014253,-0.17420497908433885,0.7582138378921368,-0.3867731841129913,-0.21270229740018173,0.992631520201128,-0.9986225781718535,-0.9987284120632095,-0.9990764768469519,-0.5794465537527865
-0.9999663288663241,-0.30652905940272246,-0.4911922497565293,1,-0.6411066160476073,-0.09471978955680818,0.9640275800758169,-0.9999801411885765,-0.5427177155648781,-0.37994896225522484,-0.15084011534525313,-0.5966956287055879,-0.9997946830105712,-0.1896749817802303,0.7747092309184453,-0.3935553063167454,-0.4136444421871351,0.992631520201128,-0.99914745041401,-0.9989504331677058,-0.9989670840022151,-0.366887581333691
-0.9999274249317489,-0.3507684519750056,-0.5100390922666002,1,-0.641124943639646,-0.09466349309162084,0.9640275800758169,-0.9999873120668701,-0.5313325040915584,-0.47770001216849795,-0.32390169581315553,-0.5079774328978962,-0.9996628630741972,-0.2505504079981747,0.7841281116903962,-0.40699138190362216,-0.3867731841129913,0.992631520201128,-0.9990764768469519,-0.9992254591570309,-0.999031088607558,-0.6656642196039996
-0.9999410536171839,-0.46361676289231485,-0.5253669531320992,1,-0.6591952219975289,-0.10975098719750134,0.9640275800758169,-0.9999810718870528,-0.5427177155648781,-0.4715020366204608,-0.32390169581315553,-0.5594278338412256,-0.9996574264301669,-0.24303771385522202,0.7871899840051358,-0.4268185004117315,-0.4960098430228166,0.992631520201128,-0.9993074977913372,-0.9991609769837921,-0.9991197398299567,-0.7091714407862408
-0.9999106453698876,-0.5375002843320006,-0.5598982332780101,1,-0.6366691951843032,-0.10500254974913845,0.9640275800758169,-0.9999747545708461,-0.5756952716032103,-0.40699138190362216,-0.15864850429749905,-0.5197520709817566,-0.9997472170187389,-0.22792531458279305,0.7841281116903962,-0.4268185004117315,-0.5138889548493343,0.992631520201128,-0.9993504155222135,-0.999031088607558,-0.999133705865935,-0.7498627231484425
-0.9999297104883759,-0.5569342725767277,-0.5589716725171416,1,-0.6280648325200652,-0.10988750262521756,0.9640275800758169,-0.9999481356422338,-0.5756952716032103,-0.4715020366204608,-0.43981386041546483,-0.5483368586719491,-0.9996985792838805,-0.21270229740018173,0.7871899840051358,-0.4136444421871351,-0.5079774328978962,0.992631520201128,-0.9993399420362217,-0.9990464604956378,-0.999031088607558,-0.7687143710810351
-0.9999016425237643,-0.5890555931884456,-0.5678694887268305,1,-0.6363445205731142,-0.14941436312598289,0.9640275800758169,-0.9999617310598946,-0.5915193954318165,-0.5197520709817566,-0.570322039844703,-0.5197520709817566,-0.9997389982195054,-0.1664370981680667,0.7810275833073346,-0.40699138190362216,-0.5427177155648781,0.992631520201128,-0.9994003429760324,-0.9987284120632095,-0.999031088607558,-0.6774561292328727
-0.9998968064717393,-0.5987647482370956,-0.5931747358779726,1,-0.5997628078077559,-0.14743793257507434,0.9640275800758169,-0.9999825271368183,-0.6018226796314325,-0.5370495669980354,-0.45896555750337875,-0.47770001216849795,-0.9997472170187389,-0.15084011534525313,0.7615941559557649,-0.4136444421871351,-0.43333870550299125,0.992631520201128,-0.9991873899502037,-0.9987079162711104,-0.9989163223652454,-0.7706062793902243
-0.9999319240699924,-0.5662881728168482,-0.5914361225514392,1,-0.5992586023750489,-0.11255630184721767,0.9640275800758169,-0.99997351325299,-0.5915193954318165,-0.5197520709817566,-0.45262761660337403,-0.525566632174222,-0.9997033629288277,-0.15084011534525313,0.76493353344588,-0.40699138190362216,-0.4136444421871351,0.992631520201128,-0.99914745041401,-0.9987284120632095,-0.9988988536926733,-0.7452842076402092
-0.9999175149969857,-0.559940761188884,-0.5910380021640116,1,-0.6090611192881982,-0.10187710017830444,0.9640275800758169,-0.9999848704441208,-0.5862939408069981,-0.564899552846225,-0.4715020366204608,-0.4899541488540997,-0.9997512288630184,-0.15864850429749905,0.7547922623900605,-0.42025361660945937,-0.37994896225522484,0.992631520201128,-0.9990764768469519,-0.9987079162711104,-0.999015469033287,-0.7296968427217343
-0.9998460572524418,-0.6059089918533063,-0.5946541041828091,1,-0.6209658917576949,-0.08864790975996213,0.9640275800758169,-0.9999836103581026,-0.5915193954318165,-0.5915193954318165,-0.40699138190362216,-0.4268185004117315,-0.9998074104117267,-0.08777354411057144,0.7370546472300755,-0.4136444421871351,-0.42025361660945937,0.992631520201128,-0.9991609769837921,-0.997945823898577,-0.9990764768469519,-0.8168805452194877
-0.9998358836418801,-0.5492015357775376,-0.5023472354681571,1,-0.6066895245065345,-0.08053080827322714,0.9640275800758169,-0.9999558039402028,-0.5020176692139926,-0.4960098430228166,-0.32390169581315553,-0.37994896225522484,-0.9996462887624,-0.10362666046634028,0.7582138378921368,-0.40699138190362216,-0.2876478137415113,0.992631520201128,-0.9988261190078384,-0.9978790980509081,-0.9991609769837921,-0.7857073779729837
-0.9998578920923494,-0.5945075811261348,-0.4715596382905836,1,-0.6074844784810721,-0.0795739455322485,0.9640275800758169,-0.9999747545708461,-0.48385079670054837,-0.5197520709817566,-0.42025361660945937,-0.45262761660337403,-0.9994889833373769,-0.1664370981680667,0.7841281116903962,-0.40029485721907404,-0.4715020366204608,0.992631520201128,-0.9992617455538517,-0.9984594617111155,-0.9991873899502037,-0.7263700111325485
-0.9998827159119441,-0.49194481236001747,-0.4486202543393685,1,-0.6218974364287537,-0.0844291647808128,0.9640275800758169,-0.9999836103581026,-0.4462436102487797,-0.564899552846225,-0.5594278338412256,-0.40699138190362216,-0.9991742890293737,-0.22792531458279305,0.7871899840051358,-0.40029485721907404,-0.22792531458279305,0.992631520201128,-0.9986444267289766,-0.999031088607558,-0.9990764768469519,-0.8312552993489715
-0.9999238565039442,-0.4356647995219573,-0.48836284311129863,1,-0.639213880478484,-0.1175574329786998,0.9640275800758169,-0.9999940185994405,-0.4960098430228166,-0.5138889548493343,-0.37994896225522484,-0.47770001216849795,-0.9992734593735638,-0.22792531458279305,0.7871899840051358,-0.40699138190362216,-0.3022554772068099,0.992631520201128,-0.998863067516587,-0.99914745041401,-0.9989670840022151,-0.6035789184109493
-0.9999513508949064,-0.5040005326146474,-0.5332039408606781,1,-0.635717397673678,-0.08680275751145451,0.9640275800758169,-0.999993724490978,-0.5370495669980354,-0.5483368586719491,-0.3592286658102706,-0.525566632174222,-0.9994638630489571,-0.22032722188562134,0.771490747609057,-0.40029485721907404,-0.2949688803310316,0.992631520201128,-0.9988447408823581,-0.999015469033287,-0.9990911289729081,-0.48670973919709715
-0.9999340679430292,-0.45474805205144825,-0.4446304790070416,1,-0.5894921034104114,-0.09800559596360393,0.9640275800758169,-0.9999766955090599,-0.4960098430228166,-0.4715020366204608,-0.34521403413552104,-0.45896555750337875,-0.9996786608665135,-0.17420497908433885,0.76493353344588,-0.40029485721907404,-0.15084011534525313,0.992631520201128,-0.9984094070890821,-0.9987684340534805,-0.999015469033287,-0.5182964015869852
-0.999912063604973,-0.4234248865351675,-0.5374607335652662,1,-0.5718302794216681,-0.09690580410234657,0.9640275800758169,-0.9999262544344658,-0.5427177155648781,-0.34521403413552104,-0.27290508056313273,-0.4268185004117315,-0.9998134751504524,-0.09570617112325505,0.76493353344588,-0.37994896225522484,-0.17420497908433885,0.992631520201128,-0.9984838956460685,-0.9984594617111155,-0.9987284120632095,-0.4737027728900275
-0.9998556002440963,-0.47244302621172396,-0.42734377846936666,1,-0.5294740956092588,-0.07735987410135359,0.9640275800758169,-0.9999062519501156,-0.45262761660337403,-0.34521403413552104,-0.3022554772068099,-0.3381480525025349,-0.9996405848903372,-0.07982976911113145,0.771490747609057,-0.37994896225522484,-0.08777354411057144,0.992631520201128,-0.9981924031562599,-0.9981924031562599,-0.9988261190078384,-0.4837963589734654
-0.9998460572524418,-0.5285927821197961,-0.4423290751280467,1,-0.5313020988486465,-0.09902462890671025,0.9640275800758169,-0.9999148329046804,-0.45896555750337875,-0.40029485721907404,-0.33104373842411877,-0.3381480525025349,-0.9996229155459074,-0.09570617112325505,0.768232289952225,-0.3867731841129913,-0.10362666046634028,0.992631520201128,-0.9982210690424144,-0.9985316078982135,-0.9986659289573255,-0.5803676383674111
-0.9998358836418801,-0.6123741056670283,-0.45167987805765564,1,-0.5261056066012303,-0.1053044205383209,0.9640275800758169,-0.9998708992398301,-0.4652571273092523,-0.45262761660337403,-0.5539069192039144,-0.3592286658102706,-0.9994638630489571,-0.11153402858525477,0.7810275833073346,-0.3867731841129913,-0.22032722188562134,0.992631520201128,-0.9986225781718535,-0.9986870903393928,-0.9985778197002059,-0.5375843697796834
-0.9998882122657576,-0.3893266693601677,-0.362639478471636,1,-0.5635276863128047,-0.09678182325015591,0.9640275800758169,-0.999900056226247,-0.40699138190362216,-0.37308312910762215,-0.37994896225522484,-0.45896555750337875,-0.9992254591570309,-0.17420497908433885,0.8047682227403774,-0.40029485721907404,-0.40029485721907404,0.992631520201128,-0.9990911289729081,-0.9989504331677058,-0.9988261190078384,-0.5889033692071114
-0.9999536308413634,-0.3517454115021916,-0.22945796054749398,1,-0.5675304658961824,-0.09965037654092411,0.9640275800758169,-0.9998556002440963,-0.28029297593793373,-0.15084011534525313,-0.10362666046634028,-0.5197520709817566,-0.9984346343009073,-0.20505137981563515,0.8311981165305461,-0.3935553063167454,-0.2654848561891097,0.992631520201128,-0.9987079162711104,-0.9990464604956378,-0.998863067516587,-0.47652920156696793
-0.9999900193047906,-0.2996590479887609,-0.18233920365215225,1,-0.53719374481525,-0.12737017905344628,0.9640275800758169,-0.999819348924892,-0.27290508056313273,-0.1664370981680667,-0.15084011534525313,-0.681548449948351,-0.9984094070890821,-0.19737532022490398,0.8336546070121553,-0.3935553063167454,-0.32390169581315553,0.992631520201128,-0.998863067516587,-0.9989670840022151,-0.9988447408823581,-0.5402745902275672
-0.9999635245474802,-0.22489461216674525,-0.24584206003799466,1,-0.559393002133916,-0.09185400641803061,0.9640275800758169,-0.9998532714367244,-0.27290508056313273,-0.1819512393367479,-0.1664370981680667,-0.5370495669980354,-0.9985316078982135,-0.19737532022490398,0.8287087387796533,-0.3935553063167454,-0.22792531458279305,0.992631520201128,-0.9986003777155225,-0.9988261190078384,-0.999015469033287,-0.6092586623588395
-0.9999604866740172,-0.143004597133424,-0.21462376420854484,1,-0.5418525011337579,-0.05894960735464639,0.9640275800758169,-0.9998899865390827,-0.24303771385522202,-0.17420497908433885,-0.13516767202007474,-0.45896555750337875,-0.9986003777155225,-0.15084011534525313,0.8130627801216741,-0.37994896225522484,0.055941534671146854,0.992631520201128,-0.9973893576929465,-0.9984346343009073,-0.999031088607558,-0.44735047873559053
-0.9997775846622567,-0.5591052324006771,-0.34376316187473976,1,-0.5793409307973768,-0.0837070021757081,0.9640275800758169,-0.999936144302558,-0.3592286658102706,-0.4268185004117315,-0.40029485721907404,-0.24303771385522202,-0.998863067516587,-0.17420497908433885,0.7902135340690539,-0.3935553063167454,0.023995393061435753,0.992631520201128,-0.9975898315324421,-0.9985778197002059,-0.999133705865935,-0.5873867010471789
-0.9996462887624,-0.48482067434662857,-0.3761597466608587,1,-0.5800474876489854,-0.06198800313023312,0.9640275800758169,-0.9999481356422338,-0.37308312910762215,-0.43981386041546483,-0.3592286658102706,-0.15864850429749905,-0.9990764768469519,-0.1819512393367479,0.7810275833073346,-0.3935553063167454,0.09570617112325505,0.992631520201128,-0.9972170541703282,-0.9986659289573255,-0.9991055487400573,-0.5856327249931577
-0.9996574264301669,-0.4211969860705739,-0.32833225819353445,1,-0.5465989090973059,-0.06834270081500927,0.9640275800758169,-0.9999611138441997,-0.34521403413552104,-0.40699138190362216,-0.06391276159528168,-0.15864850429749905,-0.9991742890293737,-0.12730550045073633,0.76493353344588,-0.3867731841129913,0.10362666046634049,0.992631520201128,-0.9972170541703282,-0.9980420011034257,-0.9991742890293737,-0.5457631959442116
-0.9997739978006099,-0.42089067474991204,-0.38584541294104363,1,-0.5868894700729793,-0.12876441105144332,0.9640275800758169,-0.9999464491878617,-0.40029485721907404,-0.42025361660945937,-0.06391276159528168,-0.2949688803310316,-0.9992617455538517,-0.1664370981680667,0.7747092309184453,-0.4136444421871351,-0.14301285893511154,0.992631520201128,-0.9983577274465666,-0.9981336794661021,-0.9993184859117006,-0.6051159215878692
-0.9998305474394893,-0.37071898408784726,-0.5085138668920155,1,-0.6102807048689458,-0.14354575461027286,0.9640275800758169,-0.9999759377142693,-0.5138889548493343,-0.3935553063167454,-0.07982976911113145,-0.40699138190362216,-0.9996519021304965,-0.12730550045073633,0.768232289952225,-0.4136444421871351,-0.3867731841129913,0.992631520201128,-0.9990764768469519,-0.9979127273153512,-0.9992617455538517,-0.5632642093721948
-0.9998934510544042,-0.35407118956761086,-0.4749498191261343,1,-0.6268863027349094,-0.13893741277873248,0.9640275800758169,-0.999977065409544,-0.5020176692139926,-0.352241095668522,-0.01599863480646233,-0.48385079670054837,-0.9996106560872084,-0.15864850429749905,0.7810275833073346,-0.42025361660945937,-0.4652571273092523,0.992631520201128,-0.9992498429462278,-0.9978449275502639,-0.9994375082579919,-0.4551567463966826
-0.999921380604738,-0.36096224918990394,-0.5418724891847845,1,-0.6688219703373769,-0.13355886815037538,0.9640275800758169,-0.9999934159211028,-0.570322039844703,-0.45896555750337875,-0.07187584144881758,-0.45896555750337875,-0.9997551770442933,-0.24303771385522202,0.7582138378921368,-0.42025361660945937,-0.23549574953849772,0.992631520201128,-0.9987079162711104,-0.9986444267289766,-0.9994723707341434,-0.4674687992580886
-0.9999188242018987,-0.3426799851837154,-0.5809341479464426,1,-0.6925058859750469,-0.14927472820012352,0.9640275800758169,-0.9999838705035449,-0.6069005989451325,-0.42025361660945937,-0.15084011534525313,-0.45262761660337403,-0.9998509050743067,-0.24303771385522202,0.7582138378921368,-0.43333870550299125,-0.23549574953849772,0.992631520201128,-0.9987079162711104,-0.998787970459051,-0.9994098583315179,-0.44267321005925975
-0.999959849388807,-0.22747344234734415,-0.3832087093438451,1,-0.6359647959013881,-0.18986394588907085,0.9640275800758169,-0.9998104670349292,-0.3935553063167454,-0.12730550045073633,-0.12730550045073633,-0.5427177155648781,-0.9989670840022151,-0.3167225447224284,0.838470282263124,-0.4462436102487797,-0.2949688803310316,0.992631520201128,-0.9988071971423736,-0.9991873899502037,-0.9994098583315179,-0.33908596868676644
-0.9999032036449458,-0.06152250561510081,-0.14957240182718975,1,-0.6002107282632456,-0.17243095604452952,0.9640275800758169,-0.9996628630741972,-0.20505137981563515,-0.031989081805404065,-0.07982976911113145,-0.42025361660945937,-0.9979127273153512,-0.2949688803310316,0.8499575891648928,-0.4462436102487797,-0.20505137981563515,0.992631520201128,-0.9984838956460685,-0.9991055487400573,-0.9993184859117006,-0.46991922126086694
-0.9998332368814795,-0.02496248358055591,-0.11303124272161114,1,-0.5710151649906443,-0.15656098877115524,0.9640275800758169,-0.9996734789348639,-0.1896749817802303,-0.031989081805404065,-0.05594153467114708,-0.40699138190362216,-0.9978790980509081,-0.2505504079981747,0.8521631220116442,-0.4268185004117315,-0.40029485721907404,0.992631520201128,-0.9990615886214704,-0.9988071971423736,-0.9992963325707543,-0.4920864830041395
-0.9998460572524418,-0.10086226445074269,-0.10750256365854598,1,-0.5587766918310537,-0.12404252722016774,0.9640275800758169,-0.9996519021304965,-0.1896749817802303,-0.031989081805404065,-0.031989081805404065,-0.40699138190362216,-0.9979127273153512,-0.22792531458279305,0.8477218578730916,-0.4136444421871351,-0.37308312910762215,0.992631520201128,-0.998983470814186,-0.998787970459051,-0.99920028309195,-0.6302570424600527
-0.9998074104117267,-0.2716296354444694,-0.38598619796545697,1,-0.618775686512912,-0.11609051135782092,0.9640275800758169,-0.999944707897185,-0.3935553063167454,-0.24303771385522202,-0.03997868031116338,-0.37308312910762215,-0.999015469033287,-0.22032722188562134,0.8157566318133642,-0.4136444421871351,-0.3381480525025349,0.992631520201128,-0.9989335140612631,-0.9987684340534805,-0.9992734593735638,-0.510828400826754
-0.9998934510544042,-0.4618070445741863,-0.5750126802416583,1,-0.679173847545214,-0.10394045578480773,0.9640275800758169,-0.9999868994896397,-0.564899552846225,-0.4960098430228166,-0.3022554772068099,-0.47770001216849795,-0.9996405848903372,-0.22792531458279305,0.7810275833073346,-0.40029485721907404,-0.43333870550299125,0.992631520201128,-0.9991742890293737,-0.9988811035861201,-0.9992734593735638,-0.6157854759455339
-0.9999250650600038,-0.35091831433884857,-0.5220801544485313,1,-0.666334986905343,-0.09280890959461262,0.9640275800758169,-0.9999866881970358,-0.5539069192039144,-0.43333870550299125,-0.20505137981563515,-0.5138889548493343,-0.9996887793593517,-0.28029297593793373,0.7902135340690539,-0.4136444421871351,-0.42025361660945937,0.992631520201128,-0.9991609769837921,-0.9991742890293737,-0.9992963325707543,-0.49608049030943824
-0.9998074104117267,-0.3433551758406437,-0.47541403188909953,1,-0.6406146392092813,-0.1149007816538983,0.9640275800758169,-0.9999747545708461,-0.4899541488540997,-0.4462436102487797,-0.352241095668522,-0.352241095668522,-0.9995282628984578,-0.22792531458279305,0.7871899840051358,-0.42025361660945937,-0.2580330460894452,0.992631520201128,-0.9987485829425584,-0.9987284120632095,-0.9993504155222135,-0.4069641429404399
-0.9998278146277448,-0.42586630188265273,-0.4875339078888678,1,-0.6371189850299948,-0.13398876846966068,0.9640275800758169,-0.9999838705035449,-0.4652571273092523,-0.5138889548493343,-0.45262761660337403,-0.352241095668522,-0.9994638630489571,-0.1664370981680667,0.7747092309184453,-0.43333870550299125,-0.22032722188562134,0.992631520201128,-0.9986225781718535,-0.9982492807271415,-0.999284987397579,-0.463368310752107
-0.9998278146277448,-0.5366649530491298,-0.4999721406285669,1,-0.6417105301956584,-0.13537071963609798,0.9640275800758169,-0.999969896462594,-0.4960098430228166,-0.5313325040915584,-0.5756952716032103,-0.3592286658102706,-0.9995503664595334,-0.20505137981563515,0.7841281116903962,-0.43981386041546483,-0.2505504079981747,0.992631520201128,-0.9987079162711104,-0.9983312618497168,-0.9994192227412357,-0.30166601191086784
-0.9998074104117267,-0.544315201051757,-0.4823399036340706,1,-0.6293771852139033,-0.12697889872946871,0.9640275800758169,-0.99995288298541,-0.4652571273092523,-0.43333870550299125,-0.4960098430228166,-0.37308312910762215,-0.9994807434502514,-0.1896749817802303,0.7961470094824338,-0.43981386041546483,-0.32390169581315553,0.992631520201128,-0.9989335140612631,-0.9982770453945787,-0.999380849662089,-0.356581652156028
-0.9998899865390827,-0.4427429855148118,-0.4806148180278593,1,-0.6290405180218533,-0.10904891700764802,0.9640275800758169,-0.9999585438181571,-0.5138889548493343,-0.37994896225522484,-0.4268185004117315,-0.5020176692139926,-0.9997127037021034,-0.21270229740018173,0.8019312334505896,-0.4268185004117315,-0.525566632174222,0.992631520201128,-0.9993708667223576,-0.9986444267289766,-0.999329299739067,-0.4729347781354657
-0.9998899865390827,-0.29514744676873156,-0.48865349507587863,1,-0.6549843211988153,-0.10348938295608404,0.9640275800758169,-0.9999565054348588,-0.5313325040915584,-0.3661761897243701,-0.40029485721907404,-0.5197520709817566,-0.9997217503856869,-0.2654848561891097,0.8103336554203706,-0.4268185004117315,-0.5810192378024425,0.992631520201128,-0.9994723707341434,-0.999015469033287,-0.9993504155222135,-0.39598477232492
-0.9999438161333054,-0.22298988752206647,-0.48142832843590644,1,-0.6585093656999474,-0.14444112550681373,0.9640275800758169,-0.9999855795039955,-0.5483368586719491,-0.352241095668522,-0.10362666046634028,-0.5810192378024425,-0.9997880073219518,-0.27290508056313273,0.7961470094824338,-0.43333870550299125,-0.5427177155648781,0.992631520201128,-0.9994098583315179,-0.999212971747347,-0.999212971747347,-0.37511839418358733
-0.9999747545708461,-0.20048994878246862,-0.2871391620020887,1,-0.6050243230913294,-0.12728317345657325,0.9640275800758169,-0.9998509050743067,-0.3381480525025349,-0.11153402858525477,-0.05594153467114708,-0.5483368586719491,-0.9989670840022151,-0.27290508056313273,0.8287087387796533,-0.42025361660945937,-0.08777354411057144,0.992631520201128,-0.9981036067112925,-0.9991197398299567,-0.999212971747347,-0.5515064500995664
-0.9999766955090599,-0.16261992244189655,-0.3345589343914407,1,-0.5939726051361157,-0.14187251777378546,0.9640275800758169,-0.9998305474394893,-0.34521403413552104,-0.11153402858525477,-0.07187584144881758,-0.5539069192039144,-0.9989670840022151,-0.2580330460894452,0.8287087387796533,-0.43333870550299125,-0.07187584144881758,0.992631520201128,-0.9980420011034257,-0.999015469033287,-0.9992377485103607,-0.5465315887223504
-0.9999807666044095,-0.2011532953353192,-0.2688025883928174,1,-0.5830239496756636,-0.1701602868451495,0.9640275800758169,-0.9998578920923494,-0.2949688803310316,-0.10362666046634028,-0.007999829337702071,-0.5370495669980354,-0.998787970459051,-0.2580330460894452,0.8236299617098691,-0.43333870550299125,0.07982976911113145,0.992631520201128,-0.9973045805270794,-0.9988988536926733,-0.9993399420362217,-0.5177797927325916
-0.9999455855071585,-0.12311088883080888,-0.25072313929031503,1,-0.5965120461274452,-0.15525632668277117,0.9640275800758169,-0.9998278146277448,-0.2580330460894452,-0.11153402858525477,-0.05594153467114708,-0.42025361660945937,-0.998554898375357,-0.22792531458279305,0.8236299617098691,-0.4268185004117315,0.055941534671146854,0.992631520201128,-0.9974307423504288,-0.998787970459051,-0.9992498429462278,-0.7138719881931527
-0.9998384883979401,-0.3687880403982347,-0.4562780678289478,1,-0.6132406996666042,-0.1393817407820903,0.9640275800758169,-0.9999668633085973,-0.4715020366204608,-0.352241095668522,-0.04796316994220894,-0.37994896225522484,-0.9995979981392296,-0.20505137981563515,0.7841281116903962,-0.4136444421871351,-0.27290508056313273,0.992631520201128,-0.998787970459051,-0.998787970459051,-0.9991873899502037,-0.7075450133462374
-0.9998278146277448,-0.38387959185700277,-0.4597307668660121,1,-0.6207227410167664,-0.16761287443044132,0.9640275800758169,-0.9999410536171839,-0.48385079670054837,-0.4136444421871351,-0.2654848561891097,-0.3867731841129913,-0.9996043777239002,-0.21270229740018173,0.7871899840051358,-0.42025361660945937,-0.32390169581315553,0.992631520201128,-0.9989335140612631,-0.9989670840022151,-0.9990764768469519,-0.4588037721442927
-0.9998410518161654,-0.3008416365449665,-0.4417136057123801,1,-0.6130605836376131,-0.14758783706032252,0.9640275800758169,-0.999950566268189,-0.4960098430228166,-0.40699138190362216,-0.48385079670054837,-0.45896555750337875,-0.9996734789348639,-0.20505137981563515,0.8019312334505896,-0.4136444421871351,-0.5370495669980354,0.992631520201128,-0.999390674243143,-0.9988988536926733,-0.9991055487400573,-0.5158449540394822
-0.9998729482847013,-0.3420457038331288,-0.4910661711179066,1,-0.610016028085823,-0.1472998511374759,0.9640275800758169,-0.9999679068795222,-0.5079774328978962,-0.4136444421871351,-0.45262761660337403,-0.45896555750337875,-0.9996519021304965,-0.14301285893511154,0.7871899840051358,-0.42025361660945937,-0.43333870550299125,0.992631520201128,-0.9991873899502037,-0.9985316078982135,-0.9990464604956378,-0.443233255982558
-0.9998729482847013,-0.2407378547741946,-0.4378458364089818,1,-0.6056558148878362,-0.14696497754796053,0.9640275800758169,-0.9999429099872612,-0.47770001216849795,-0.27290508056313273,-0.03997868031116338,-0.42025361660945937,-0.9996043777239002,-0.14301285893511154,0.7841281116903962,-0.42025361660945937,-0.32390169581315553,0.992631520201128,-0.9989163223652454,-0.9984594617111155,-0.9990911289729081,-0.6015045261462584
-0.9998460572524418,-0.3231289211969754,-0.46678893040540814,1,-0.6149933252880254,-0.12699116035031738,0.9640275800758169,-0.9999730860623288,-0.4960098430228166,-0.34521403413552104,-0.031989081805404065,-0.4268185004117315,-0.9995979981392296,-0.13516767202007474,0.7778880665771849,-0.43333870550299125,-0.40699138190362216,0.992631520201128,-0.999133705865935,-0.9982770453945787,-0.9991197398299567,-0.4555904907018914
-0.9997590625725713,-0.5062050749383997,-0.4562553879939123,1,-0.6102141557829421,-0.1266440924394255,0.9640275800758169,-0.9999813723241333,-0.4652571273092523,-0.45896555750337875,-0.11153402858525477,-0.3661761897243701,-0.999329299739067,-0.13516767202007474,0.7747092309184453,-0.4268185004117315,-0.40029485721907404,0.992631520201128,-0.9991055487400573,-0.9984838956460685,-0.998983470814186,-0.6202196756495815
-0.9998043044987812,-0.45744608282142607,-0.42927138993945824,1,-0.6269623901357543,-0.11967114065250725,0.9640275800758169,-0.9999813723241333,-0.45262761660337403,-0.3867731841129913,-0.10362666046634028,-0.3661761897243701,-0.999390674243143,-0.20505137981563515,0.7871899840051358,-0.43333870550299125,-0.30950692121263834,0.992631520201128,-0.9988811035861201,-0.9989504331677058,-0.9990464604956378,-0.5632358205146081
-0.9998729482847013,-0.579426155648075,-0.5038011385241712,1,-0.6509612639767186,-0.11218980242361677,0.9640275800758169,-0.999997355038747,-0.4899541488540997,-0.6410769611853465,-0.37308312910762215,-0.4462436102487797,-0.9992617455538517,-0.22792531458279305,0.768232289952225,-0.43981386041546483,-0.42025361660945937,0.992631520201128,-0.999133705865935,-0.9989335140612631,-0.99920028309195,-0.5840929490204926
-0.9998951421830474,-0.6613599647643009,-0.5083746922127763,1,-0.6308124123395158,-0.11264037642572684,0.9640275800758169,-0.9999966375964607,-0.4960098430228166,-0.6858090622290944,-0.5915193954318165,-0.4715020366204608,-0.9992498429462278,-0.1819512393367479,0.76493353344588,-0.42025361660945937,-0.4136444421871351,0.992631520201128,-0.999133705865935,-0.9987284120632095,-0.9990764768469519,-0.6560038113612835
-0.9999543668273846,-0.5275632557227345,-0.5396225384099222,1,-0.6190256483801665,-0.11267169360236515,0.9640275800758169,-0.9999954430412509,-0.525566632174222,-0.6069005989451325,-0.47770001216849795,-0.5483368586719491,-0.9995129269205365,-0.1819512393367479,0.7615941559557649,-0.42025361660945937,-0.352241095668522,0.992631520201128,-0.998983470814186,-0.9986225781718535,-0.9991873899502037,-0.6877368323269133
-0.999944707897185,-0.514284557584079,-0.4554897795452919,1,-0.6064904879680121,-0.10706270084674017,0.9640275800758169,-0.9999774294388498,-0.48385079670054837,-0.5370495669980354,-0.525566632174222,-0.5539069192039144,-0.9994003429760324,-0.1896749817802303,0.7871899840051358,-0.42025361660945937,-0.45262761660337403,0.992631520201128,-0.9992254591570309,-0.998554898375357,-0.9992617455538517,-0.6321914016495604
-0.9999319240699924,-0.4394666766826226,-0.43008503564004036,1,-0.5974489928627477,-0.12393822061181309,0.9640275800758169,-0.9999864734966057,-0.43981386041546483,-0.5313325040915584,-0.5020176692139926,-0.4960098430228166,-0.99920028309195,-0.1819512393367479,0.7871899840051358,-0.43333870550299125,-0.30950692121263834,0.992631520201128,-0.998863067516587,-0.9986225781718535,-0.99914745041401,-0.6378273945678822
-0.9999161846780742,-0.6569787519626958,-0.4076230036250961,1,-0.6031309053321723,-0.11191579715561135,0.9640275800758169,-0.9999810718870528,-0.4268185004117315,-0.5079774328978962,-0.4715020366204608,-0.43981386041546483,-0.9990615886214704,-0.2505504079981747,0.7961470094824338,-0.4268185004117315,-0.21270229740018173,0.992631520201128,-0.9986003777155225,-0.9990464604956378,-0.99920028309195,-0.7273900577439494
-0.9999604866740172,-0.5162889753200937,-0.39403129302723694,1,-0.6052394861623747,-0.12209303657214207,0.9640275800758169,-0.99997351325299,-0.4136444421871351,-0.43333870550299125,-0.33104373842411877,-0.5427177155648781,-0.9990911289729081,-0.2505504079981747,0.8047682227403774,-0.43981386041546483,-0.27290508056313273,0.992631520201128,-0.9987684340534805,-0.998983470814186,-0.9992617455538517,-0.6244697486025782
-0.9999604866740172,-0.49975717458314256,-0.3301142424077488,1,-0.580076212316708,-0.12130752488305707,0.9640275800758169,-0.999952123068096,-0.3381480525025349,-0.45896555750337875,-0.43981386041546483,-0.4960098430228166,-0.9990764768469519,-0.22792531458279305,0.7990576087848079,-0.4268185004117315,-0.08777354411057144,0.992631520201128,-0.9981036067112925,-0.9989670840022151,-0.99914745041401,-0.7971998752980816
-0.9999717627050605,-0.40946316952876727,-0.3127639973404031,1,-0.6059322983071491,-0.10559588262015374,0.9640275800758169,-0.9999297104883759,-0.37994896225522484,-0.3592286658102706,-0.2949688803310316,-0.5756952716032103,-0.9991873899502037,-0.2505504079981747,0.8130627801216741,-0.4268185004117315,-0.27290508056313273,0.992631520201128,-0.9987684340534805,-0.9990464604956378,-0.9991873899502037,-0.7739757710522467
-0.9999401029179925,-0.3651832565304127,-0.3442211032895837,1,-0.5902787097949251,-0.110326362680435,0.9640275800758169,-0.9999016425237643,-0.34521403413552104,-0.2949688803310316,-0.15084011534525313,-0.4715020366204608,-0.998863067516587,-0.21270229740018173,0.8130627801216741,-0.42025361660945937,-0.17420497908433885,0.992631520201128,-0.9984346343009073,-0.9988988536926733,-0.9991055487400573,-0.7654952556418162
-0.9999419892271137,-0.3676264914729138,-0.3002893815439062,1,-0.5864289535125055,-0.1042323967020955,0.9640275800758169,-0.9998827159119441,-0.352241095668522,-0.2949688803310316,-0.27290508056313273,-0.47770001216849795,-0.9987284120632095,-0.2505504079981747,0.8210398813328772,-0.42025361660945937,-0.1819512393367479,0.992631520201128,-0.9984594617111155,-0.9991055487400573,-0.9991055487400573,-0.6952275565080327
-0.9998934510544042,-0.42582148785822993,-0.4097165799374078,1,-0.6095588206286626,-0.10623613195285357,0.9640275800758169,-0.9999611138441997,-0.43333870550299125,-0.42025361660945937,-0.22792531458279305,-0.3935553063167454,-0.9993399420362217,-0.23549574953849772,0.7902135340690539,-0.4268185004117315,-0.15084011534525313,0.992631520201128,-0.9983837736478877,-0.9991197398299567,-0.9990764768469519,-0.7232094503236646
-0.9998532714367244,-0.48758445696835434,-0.4124894226108548,1,-0.6001878179656615,-0.0968843296165051,0.9640275800758169,-0.9999646732638597,-0.42025361660945937,-0.48385079670054837,-0.37994896225522484,-0.30950692121263834,-0.9993074977913372,-0.20505137981563515,0.7747092309184453,-0.4268185004117315,0.023995393061435753,0.992631520201128,-0.9976656473813831,-0.9989335140612631,-0.9990764768469519,-0.808702747020484
-0.9998934510544042,-0.5304351629864087,-0.4569045673300019,1,-0.6071498822856649,-0.12242974592083045,0.9640275800758169,-0.9999851105889311,-0.45896555750337875,-0.5138889548493343,-0.2876478137415113,-0.3935553063167454,-0.9994284385983162,-0.19737532022490398,0.768232289952225,-0.43333870550299125,-0.13516767202007474,0.992631520201128,-0.9983577274465666,-0.9988261190078384,-0.9990911289729081,-0.7514796848146595
-0.9999226284569604,-0.6433816984826665,-0.45251928790638973,1,-0.5797189968572616,-0.10428602832111654,0.9640275800758169,-0.9999843784725498,-0.43981386041546483,-0.5756952716032103,-0.5020176692139926,-0.40699138190362216,-0.999031088607558,-0.1664370981680667,0.768232289952225,-0.4268185004117315,-0.04796316994220894,0.992631520201128,-0.9979783962209064,-0.9987079162711104,-0.9989995977858409,-0.6507936783132656
-0.9999694109395356,-0.6301974840794493,-0.43190192898681246,1,-0.5845688460607972,-0.1081943213820323,0.9640275800758169,-0.9999717627050605,-0.43333870550299125,-0.5539069192039144,-0.4715020366204608,-0.5427177155648781,-0.9990911289729081,-0.1896749817802303,0.7778880665771849,-0.4268185004117315,-0.15864850429749905,0.992631520201128,-0.9984094070890821,-0.9987079162711104,-0.9991609769837921,-0.6739560217486398
-0.9999679068795222,-0.6501589082302968,-0.46647177880366286,1,-0.6186131066267727,-0.13293861614946786,0.9640275800758169,-0.9999801411885765,-0.45262761660337403,-0.5594278338412256,-0.525566632174222,-0.5197520709817566,-0.9993074977913372,-0.20505137981563515,0.7747092309184453,-0.4462436102487797,-0.07982976911113145,0.992631520201128,-0.9981036067112925,-0.9988447408823581,-0.9991197398299567,-0.5694472662438607
-0.999948958847576,-0.5708423514516959,-0.47370439601965425,1,-0.6345264707845549,-0.12419818057855965,0.9640275800758169,-0.9999794954361911,-0.47770001216849795,-0.5138889548493343,-0.37994896225522484,-0.4652571273092523,-0.9994970925017165,-0.2505504079981747,0.7747092309184453,-0.43981386041546483,-0.05594153467114708,0.992631520201128,-0.9980420011034257,-0.9991055487400573,-0.9991742890293737,-0.5838366641934303
-0.999936144302558,-0.6561810982063283,-0.5262856803471344,1,-0.632995561646076,-0.10420063296214258,0.9640275800758169,-0.9999679068795222,-0.48385079670054837,-0.48385079670054837,-0.28029297593793373,-0.4136444421871351,-0.9994098583315179,-0.23549574953849772,0.7747092309184453,-0.43981386041546483,0.01599863480646233,0.992631520201128,-0.9976656473813831,-0.9991055487400573,-0.9990764768469519,-0.4867132324462864
-0.9998899865390827,-0.4732370889518216,-0.40922428523800525,1,-0.5911689152503475,-0.10455174661613988,0.9640275800758169,-0.9999684162753075,-0.40699138190362216,-0.4462436102487797,-0.30950692121263834,-0.30950692121263834,-0.9994003429760324,-0.1664370981680667,0.76493353344588,-0.4462436102487797,0.14301285893511154,0.992631520201128,-0.9969856201142825,-0.9987079162711104,-0.999031088607558,-0.6719345826040904
-0.9997127037021034,-0.46862302140155004,-0.41357126657356835,1,-0.5784224459366244,-0.13071582611511767,0.9640275800758169,-0.9999726519818308,-0.4136444421871351,-0.47770001216849795,-0.34521403413552104,-0.1664370981680667,-0.9995129269205365,-0.12730550045073633,0.751329115493274,-0.43981386041546483,0.17420497908433885,0.992631520201128,-0.9967867126046208,-0.9984346343009073,-0.998983470814186,-0.4492512372859349
-0.9996106560872084,-0.4658474593748628,-0.4470176660934445,1,-0.5961196144123071,-0.09272983660153374,0.9640275800758169,-0.9999657858044921,-0.42025361660945937,-0.43333870550299125,-0.3935553063167454,-0.13516767202007474,-0.9993607228730462,-0.15084011534525313,0.771490747609057,-0.43981386041546483,0.11942729853438598,0.992631520201128,-0.9971722323750787,-0.9986444267289766,-0.9989670840022151,-0.6360391944035335
-0.9993074977913372,-0.5428373188694277,-0.5046744457068932,1,-0.5855658968313003,-0.07426239676738418,0.9640275800758169,-0.999989528550036,-0.47770001216849795,-0.5370495669980354,-0.2654848561891097,-0.05594153467114708,-0.9995645238732553,-0.11942729853438579,0.733379049133259,-0.42025361660945937,0.09570617112325505,0.992631520201128,-0.9973045805270794,-0.9982770453945787,-0.999015469033287,-0.6162575912586901
-0.9992498429462278,-0.5281797825980186,-0.5081592702594729,1,-0.6025355859587324,-0.04528031290109217,0.9640275800758169,-0.9999558039402028,-0.4960098430228166,-0.45896555750337875,-0.3592286658102706,-0.06391276159528168,-0.9995575017697832,-0.11942729853438579,0.7547922623900605,-0.40029485721907404,0.031989081805404065,0.992631520201128,-0.9976280419945261,-0.9984094070890821,-0.9989163223652454,-0.6229810457683387
-0.9998011485014253,-0.44013558149033305,-0.43191830903823547,1,-0.5980894203396301,-0.004133290972949769,0.9640275800758169,-0.9999689175858699,-0.4268185004117315,-0.4652571273092523,-0.37994896225522484,-0.3022554772068099,-0.9989995977858409,-0.1896749817802303,0.7871899840051358,-0.3867731841129913,-0.11942729853438579,0.992631520201128,-0.9982770453945787,-0.9988988536926733,-0.9989504331677058,-0.6832207241712053
-0.9998729482847013,-0.32604821782783705,-0.27492141854022933,1,-0.5442500208042915,0.005898023641623061,0.9640275800758169,-0.9999106453698876,-0.3022554772068099,-0.28029297593793373,-0.15084011534525313,-0.3592286658102706,-0.9987079162711104,-0.13516767202007474,0.7990576087848079,-0.37308312910762215,-0.12730550045073633,0.992631520201128,-0.9982492807271415,-0.9984838956460685,-0.9989335140612631,-0.7960038370463973
-0.9999679068795222,-0.22937292713742502,-0.24327469237155644,1,-0.5361120186796242,0.00007238976259042362,0.9640275800758169,-0.9999175149969857,-0.3022554772068099,-0.22032722188562134,-0.08777354411057144,-0.5539069192039144,-0.9987485829425584,-0.11942729853438579,0.8075689165786144,-0.37994896225522484,-0.23549574953849772,0.992631520201128,-0.9986444267289766,-0.9983312618497168,-0.9989163223652454,-0.794303605400097
-0.9999032036449458,-0.344940695195198,-0.3255421531655149,1,-0.5564049798750735,-0.01933492110631066,0.9640275800758169,-0.9999134593308306,-0.352241095668522,-0.30950692121263834,-0.17420497908433885,-0.45262761660337403,-0.9990615886214704,-0.11942729853438579,0.7990576087848079,-0.3867731841129913,-0.32390169581315553,0.992631520201128,-0.9988988536926733,-0.9983577274465666,-0.9989335140612631,-0.6812276949036679
-0.9999148329046804,-0.2980176570953033,-0.39347693018703145,1,-0.5462031507551443,0.00171768628859194,0.9640275800758169,-0.9998882122657576,-0.43981386041546483,-0.2654848561891097,-0.14301285893511154,-0.47770001216849795,-0.9995206562226959,-0.09570617112325505,0.7931990970835009,-0.3867731841129913,-0.352241095668522,0.992631520201128,-0.9989995977858409,-0.9983043701156257,-0.998863067516587,-0.7859981318114818
-0.9998509050743067,-0.4407374551035396,-0.4394468537571502,1,-0.5658827636706554,-0.03285502033015801,0.9640275800758169,-0.9999657858044921,-0.4268185004117315,-0.37308312910762215,-0.23549574953849772,-0.352241095668522,-0.9993399420362217,-0.12730550045073633,0.7841281116903962,-0.40029485721907404,-0.14301285893511154,0.992631520201128,-0.9983577274465666,-0.9984346343009073,-0.9989335140612631,-0.6740566738387077
-0.9998688171508597,-0.4504914262227186,-0.39149590743356794,1,-0.5601842719392811,-0.05470386625774954,0.9640275800758169,-0.9999751552784852,-0.40029485721907404,-0.34521403413552104,-0.20505137981563515,-0.34521403413552104,-0.9993399420362217,-0.14301285893511154,0.7871899840051358,-0.40029485721907404,-0.07982976911113145,0.992631520201128,-0.9981036067112925,-0.9986444267289766,-0.9988988536926733,-0.7026071508593914
-0.9999285768514409,-0.44230384762075153,-0.3800156295791358,1,-0.5602937370181541,-0.0993838171602741,0.9640275800758169,-0.9999743474004839,-0.40699138190362216,-0.45262761660337403,-0.37308312910762215,-0.4652571273092523,-0.999031088607558,-0.13516767202007474,0.7902135340690539,-0.40699138190362216,-0.23549574953849772,0.992631520201128,-0.9986444267289766,-0.9986225781718535,-0.9988071971423736,-0.7471673857454669
-0.9999617310598946,-0.4295511957875838,-0.4859361078244383,1,-0.6030234086492265,-0.08314246306320772,0.9640275800758169,-0.9999913578325171,-0.5020176692139926,-0.5020176692139926,-0.3867731841129913,-0.5756952716032103,-0.9994889833373769,-0.19737532022490398,0.7841281116903962,-0.4136444421871351,-0.37994896225522484,0.992631520201128,-0.9990464604956378,-0.9989335140612631,-0.999015469033287,-0.7410185442455356
-0.9999391368861988,-0.40665026019827366,-0.4889310198366214,1,-0.6340994787617733,-0.049309651120625936,0.9640275800758169,-0.9999910768120439,-0.525566632174222,-0.4899541488540997,-0.3381480525025349,-0.570322039844703,-0.9995915157019419,-0.20505137981563515,0.7902135340690539,-0.40699138190362216,-0.5370495669980354,0.992631520201128,-0.999380849662089,-0.999031088607558,-0.9989995977858409,-0.8057607639040695
-0.9999201126278947,-0.19521155411721364,-0.4558632796411948,1,-0.6146261069811919,-0.04474191195461015,0.9640275800758169,-0.9999739336631688,-0.4899541488540997,-0.2949688803310316,-0.023995393061435975,-0.5020176692139926,-0.9994723707341434,-0.19737532022490398,0.8019312334505896,-0.4136444421871351,-0.40699138190362216,0.992631520201128,-0.9991055487400573,-0.9989670840022151,-0.998983470814186,-0.6978345244971638
-0.9999262544344658,-0.24037243960599647,-0.32562052904934763,1,-0.5958944167832861,-0.0332414310070328,0.9640275800758169,-0.9999571957953952,-0.40699138190362216,-0.2876478137415113,-0.08777354411057144,-0.5020176692139926,-0.9994284385983162,-0.24303771385522202,0.8103336554203706,-0.4268185004117315,-0.3867731841129913,0.992631520201128,-0.9990615886214704,-0.999212971747347,-0.998983470814186,-0.786484835875852
-0.9999262544344658,-0.18971056828662178,-0.2058421549410021,1,-0.5399999192126101,-0.06684086643274689,0.9640275800758169,-0.9998808243865033,-0.2949688803310316,-0.12730550045073633,0.03997868031116361,-0.4960098430228166,-0.999015469033287,-0.1819512393367479,0.8236299617098691,-0.4268185004117315,-0.3592286658102706,0.992631520201128,-0.998983470814186,-0.9989504331677058,-0.998787970459051,-0.717823757424591
-0.9999592018254402,-0.19347030320851474,-0.18728005073630374,1,-0.516715891331558,-0.07224308936743275,0.9640275800758169,-0.9998882122657576,-0.2505504079981747,-0.19737532022490398,-0.15084011534525313,-0.525566632174222,-0.9986003777155225,-0.17420497908433885,0.8210398813328772,-0.43333870550299125,-0.22032722188562134,0.992631520201128,-0.9985778197002059,-0.9987684340534805,-0.9989335140612631,-0.6462134516656611
-0.9999804563980541,-0.3981761884912617,-0.3298877157854068,1,-0.5634580790539794,-0.07220011691249191,0.9640275800758169,-0.9999297104883759,-0.3661761897243701,-0.43333870550299125,-0.5594278338412256,-0.6267223717264533,-0.9988261190078384,-0.1819512393367479,0.8130627801216741,-0.43333870550299125,-0.33104373842411877,0.992631520201128,-0.9988988536926733,-0.9988261190078384,-0.9989670840022151,-0.7070453638127285
-0.999969896462594,-0.40796769926603527,-0.4664106787095399,1,-0.5863500942022595,-0.06298203005134932,0.9640275800758169,-0.9999657858044921,-0.47770001216849795,-0.4462436102487797,-0.43333870550299125,-0.5862939408069981,-0.9995129269205365,-0.1664370981680667,0.7871899840051358,-0.4268185004117315,-0.3381480525025349,0.992631520201128,-0.9989504331677058,-0.9987684340534805,-0.998983470814186,-0.7610944973005142
-0.9999391368861988,-0.5577496225597174,-0.4931660664584927,1,-0.5774552033574812,-0.0502306739766827,0.9640275800758169,-0.9999571957953952,-0.525566632174222,-0.43981386041546483,-0.2949688803310316,-0.5594278338412256,-0.9996106560872084,-0.14301285893511154,0.7810275833073346,-0.40029485721907404,-0.5020176692139926,0.992631520201128,-0.9993184859117006,-0.9988261190078384,-0.9987284120632095,-0.6591488495965847
-0.9998789023569088,-0.5748835110455357,-0.5152969651409681,1,-0.569778590493417,-0.013802737271154721,0.9640275800758169,-0.9999472991603658,-0.5138889548493343,-0.3867731841129913,-0.2949688803310316,-0.4268185004117315,-0.9996462887624,-0.12730550045073633,0.7747092309184453,-0.40699138190362216,-0.30950692121263834,0.992631520201128,-0.9988988536926733,-0.9986444267289766,-0.998787970459051,-0.8073287111513945
-0.999819348924892,-0.5448117736410283,-0.5212714573027795,1,-0.5652905428989013,-0.0317440458760587,0.9640275800758169,-0.9999148329046804,-0.5138889548493343,-0.3661761897243701,-0.30950692121263834,-0.352241095668522,-0.9996347890556477,-0.11153402858525477,0.7747092309184453,-0.40699138190362216,-0.24303771385522202,0.992631520201128,-0.9986870903393928,-0.998554898375357,-0.9987684340534805,-0.7669246430024148
-0.9993607228730462,0.05544283069925984,-0.15021223861029415,1,-0.3556955326631063,-0.0025483454179119416,0.9640275800758169,-0.9910787874355478,-0.007999829337702071,0.6595405395449498,0.6315557874859378,0.04796316994220894,-0.9811701582565829,0.07982976911113145,0.8818438175695089,-0.34521403413552104,0.2654848561891097,0.992631520201128,-0.993914826524597,-0.9952101234014172,-0.9970804146571146,-0.6565098430292544
-0.9992617455538517,0.5575917579263966,0.20358830895475666,1,-0.3339483579402919,0.008685996686565722,0.9640275800758169,-0.989704146549169,0.22792531458279325,0.6595405395449498,0.6018226796314325,0.07982976911113145,-0.9796178584289578,0.055941534671146854,0.8853516482022625,-0.352241095668522,0.2876478137415115,0.992631520201128,-0.9935139471051421,-0.9951330569850371,-0.997471471796836,-0.6259223744696398
-0.9994970925017165,0.5801452251658378,0.1821051722881187,1,-0.2955522263670978,-0.040780422650765584,0.9640275800758169,-0.9901843060372947,0.21270229740018198,0.6595405395449498,0.6018226796314325,0,-0.9792925249378165,0.0718758414488178,0.8853516482022625,-0.352241095668522,0.23549574953849772,0.992631520201128,-0.9941991883964316,-0.9948943571252474,-0.9973045805270794,-0.6403656160460364
-0.9994552182201533,0.5910246827092672,0.14485807728667519,1,-0.2889617290808996,-0.05534958463081335,0.9640275800758169,-0.9901843060372947,0.1819512393367481,0.6595405395449498,0.5862939408069978,0.01599863480646233,-0.978962053759393,0.07982976911113145,0.8853516482022625,-0.34521403413552104,0.22792531458279325,0.992631520201128,-0.9942909999959855,-0.9945578311545502,-0.9973045805270794,-0.6962876639079255
-0.9999047399893297,-0.28632418524778813,-0.4156245532250929,1,-0.5367702254286145,-0.11228144711750301,0.9640275800758169,-0.9998556002440963,-0.42025361660945937,-0.10362666046634028,-0.031989081805404065,-0.45896555750337875,-0.999380849662089,-0.05594153467114708,0.8075689165786144,-0.40029485721907404,-0.33104373842411877,0.992631520201128,-0.9989335140612631,-0.9980730498497001,-0.9986659289573255,-0.7459465401002169
-0.9792925249378165,0.9232650217943253,0.6210760977508655,1,0.007373771505335863,-0.04709950756675648,0.9640275800758169,-0.784128111690396,0.7220908068562372,0.9378630316806652,0.9349071558148588,0.7990576087848079,-0.6900231791331366,0.3935553063167454,0.9252023578692007,-0.19737532022490398,0.771490747609057,0.992631520201128,-0.8103336554203706,-0.9114457657992528,-0.9416027346316305,-0.5024360239119066
-0.9451237378033303,0.9690715962764508,0.9772006598802209,1,0.5993753768502089,0.2118963847120844,0.9640275800758169,-0.22792531458279305,0.9724763655349214,0.9616956109636933,0.9537750948159047,0.9263458743768788,0.8543387875301458,-0.3167225447224284,0.9761235550922067,0.22032722188562134,0.6941910270242835,0.992631520201128,0.21270229740018198,-0.8627493494598499,-0.8454555957266802,-0.0957137344092714
